,id,label,predicted
0,20800,0,0
1,20801,1,1
2,20802,0,0
3,20803,1,0
4,20804,1,1
5,20805,1,1
6,20806,1,0
7,20807,1,1
8,20808,0,1
9,20809,1,1
10,20810,0,1
11,20811,1,1
12,20812,0,1
13,20813,1,1
14,20814,1,1
15,20815,0,0
16,20816,0,0
17,20817,1,0
18,20818,1,1
19,20819,1,1
20,20820,1,0
21,20821,1,1
22,20822,0,1
23,20823,1,1
24,20824,1,1
25,20825,0,0
26,20826,1,1
27,20827,0,0
28,20828,0,0
29,20829,1,1
30,20830,1,0
31,20831,1,1
32,20832,0,0
33,20833,0,0
34,20834,1,1
35,20835,0,0
36,20836,1,0
37,20837,1,1
38,20838,0,1
39,20839,0,0
40,20840,0,0
41,20841,1,0
42,20842,1,1
43,20843,1,0
44,20844,0,0
45,20845,1,1
46,20846,1,0
47,20847,0,0
48,20848,1,1
49,20849,1,1
50,20850,0,0
51,20851,0,1
52,20852,0,0
53,20853,1,1
54,20854,1,1
55,20855,0,0
56,20856,1,1
57,20857,0,0
58,20858,0,0
59,20859,1,0
60,20860,1,1
61,20861,0,1
62,20862,0,1
63,20863,1,1
64,20864,1,1
65,20865,1,1
66,20866,0,1
67,20867,1,0
68,20868,0,1
69,20869,1,0
70,20870,1,1
71,20871,1,1
72,20872,0,1
73,20873,1,0
74,20874,0,0
75,20875,0,1
76,20876,0,0
77,20877,0,0
78,20878,1,1
79,20879,1,0
80,20880,0,0
81,20881,1,0
82,20882,1,0
83,20883,1,1
84,20884,0,1
85,20885,0,0
86,20886,1,1
87,20887,0,0
88,20888,0,1
89,20889,1,0
90,20890,1,1
91,20891,0,0
92,20892,0,0
93,20893,1,1
94,20894,1,1
95,20895,0,0
96,20896,0,0
97,20897,1,0
98,20898,0,1
99,20899,0,1
100,20900,1,1
101,20901,1,1
102,20902,1,0
103,20903,0,0
104,20904,0,0
105,20905,0,0
106,20906,0,1
107,20907,0,0
108,20908,1,1
109,20909,1,1
110,20910,0,1
111,20911,1,1
112,20912,1,0
113,20913,0,0
114,20914,1,0
115,20915,1,0
116,20916,0,0
117,20917,0,1
118,20918,1,0
119,20919,1,1
120,20920,1,1
121,20921,1,0
122,20922,1,1
123,20923,1,0
124,20924,1,1
125,20925,1,1
126,20926,1,1
127,20927,1,0
128,20928,1,1
129,20929,0,0
130,20930,1,1
131,20931,0,0
132,20932,1,1
133,20933,1,0
134,20934,1,0
135,20935,0,0
136,20936,0,0
137,20937,0,1
138,20938,0,0
139,20939,1,1
140,20940,1,1
141,20941,1,0
142,20942,0,1
143,20943,1,1
144,20944,1,1
145,20945,0,0
146,20946,1,1
147,20947,1,1
148,20948,0,0
149,20949,0,0
150,20950,1,1
151,20951,1,0
152,20952,0,0
153,20953,1,1
154,20954,0,0
155,20955,1,1
156,20956,1,0
157,20957,1,1
158,20958,0,1
159,20959,1,1
160,20960,1,1
161,20961,1,1
162,20962,1,1
163,20963,0,1
164,20964,0,0
165,20965,1,1
166,20966,1,0
167,20967,1,1
168,20968,1,1
169,20969,1,0
170,20970,1,0
171,20971,0,0
172,20972,1,0
173,20973,0,1
174,20974,0,0
175,20975,1,1
176,20976,0,0
177,20977,1,0
178,20978,1,0
179,20979,1,0
180,20980,0,0
181,20981,1,0
182,20982,1,0
183,20983,1,1
184,20984,0,0
185,20985,1,1
186,20986,0,0
187,20987,0,0
188,20988,1,1
189,20989,1,0
190,20990,1,1
191,20991,1,0
192,20992,0,0
193,20993,1,1
194,20994,1,0
195,20995,0,1
196,20996,0,1
197,20997,1,1
198,20998,1,1
199,20999,1,0
200,21000,0,0
201,21001,1,1
202,21002,1,0
203,21003,1,1
204,21004,1,1
205,21005,1,1
206,21006,1,1
207,21007,0,1
208,21008,1,0
209,21009,1,0
210,21010,0,0
211,21011,1,1
212,21012,1,1
213,21013,1,0
214,21014,0,1
215,21015,1,0
216,21016,1,1
217,21017,0,0
218,21018,0,0
219,21019,0,1
220,21020,0,0
221,21021,1,1
222,21022,0,0
223,21023,1,0
224,21024,0,1
225,21025,1,1
226,21026,1,0
227,21027,1,1
228,21028,0,0
229,21029,0,0
230,21030,0,0
231,21031,0,0
232,21032,0,1
233,21033,1,1
234,21034,1,1
235,21035,1,1
236,21036,0,1
237,21037,0,1
238,21038,1,1
239,21039,1,0
240,21040,1,1
241,21041,0,1
242,21042,0,0
243,21043,1,1
244,21044,0,1
245,21045,1,0
246,21046,1,0
247,21047,1,1
248,21048,0,0
249,21049,1,1
250,21050,1,0
251,21051,1,1
252,21052,0,1
253,21053,0,0
254,21054,0,1
255,21055,1,0
256,21056,1,0
257,21057,1,1
258,21058,1,1
259,21059,1,1
260,21060,1,0
261,21061,1,1
262,21062,1,1
263,21063,1,0
264,21064,1,0
265,21065,1,1
266,21066,1,1
267,21067,1,1
268,21068,0,0
269,21069,1,1
270,21070,0,0
271,21071,1,0
272,21072,0,1
273,21073,1,1
274,21074,0,0
275,21075,0,0
276,21076,0,0
277,21077,0,0
278,21078,0,0
279,21079,0,1
280,21080,1,1
281,21081,1,1
282,21082,1,0
283,21083,1,1
284,21084,1,0
285,21085,0,0
286,21086,0,0
287,21087,0,0
288,21088,1,0
289,21089,1,1
290,21090,0,0
291,21091,1,1
292,21092,0,0
293,21093,1,1
294,21094,0,1
295,21095,0,1
296,21096,1,1
297,21097,1,0
298,21098,1,1
299,21099,0,0
300,21100,1,0
301,21101,0,0
302,21102,0,1
303,21103,1,1
304,21104,1,1
305,21105,0,0
306,21106,1,1
307,21107,1,1
308,21108,0,0
309,21109,0,0
310,21110,1,0
311,21111,0,1
312,21112,1,1
313,21113,0,0
314,21114,1,0
315,21115,1,1
316,21116,0,0
317,21117,1,1
318,21118,0,0
319,21119,0,1
320,21120,0,0
321,21121,0,0
322,21122,0,0
323,21123,1,1
324,21124,0,0
325,21125,1,0
326,21126,1,1
327,21127,0,0
328,21128,0,0
329,21129,1,1
330,21130,0,1
331,21131,1,0
332,21132,1,1
333,21133,1,1
334,21134,0,0
335,21135,1,1
336,21136,0,1
337,21137,1,0
338,21138,0,0
339,21139,1,0
340,21140,1,0
341,21141,1,0
342,21142,1,1
343,21143,0,0
344,21144,1,1
345,21145,0,0
346,21146,1,0
347,21147,1,1
348,21148,1,1
349,21149,1,1
350,21150,0,0
351,21151,0,0
352,21152,1,1
353,21153,0,1
354,21154,0,0
355,21155,1,1
356,21156,1,1
357,21157,0,1
358,21158,1,1
359,21159,0,0
360,21160,0,1
361,21161,0,0
362,21162,1,1
363,21163,0,1
364,21164,1,1
365,21165,0,0
366,21166,1,0
367,21167,1,1
368,21168,1,0
369,21169,0,0
370,21170,0,0
371,21171,0,1
372,21172,1,0
373,21173,0,1
374,21174,0,1
375,21175,0,0
376,21176,1,1
377,21177,0,1
378,21178,0,0
379,21179,0,0
380,21180,0,0
381,21181,0,1
382,21182,0,1
383,21183,1,0
384,21184,1,1
385,21185,1,1
386,21186,0,0
387,21187,1,0
388,21188,1,0
389,21189,0,0
390,21190,0,1
391,21191,1,1
392,21192,0,1
393,21193,1,1
394,21194,1,0
395,21195,1,1
396,21196,1,1
397,21197,1,0
398,21198,1,0
399,21199,1,0
400,21200,0,0
401,21201,1,0
402,21202,1,0
403,21203,1,0
404,21204,1,1
405,21205,0,0
406,21206,1,1
407,21207,0,1
408,21208,0,0
409,21209,1,1
410,21210,0,1
411,21211,1,0
412,21212,1,0
413,21213,0,0
414,21214,1,0
415,21215,0,0
416,21216,0,0
417,21217,0,0
418,21218,1,1
419,21219,1,0
420,21220,0,0
421,21221,0,0
422,21222,0,1
423,21223,1,0
424,21224,0,1
425,21225,0,1
426,21226,1,1
427,21227,1,1
428,21228,0,0
429,21229,1,0
430,21230,0,0
431,21231,0,1
432,21232,0,0
433,21233,1,1
434,21234,0,0
435,21235,0,0
436,21236,0,0
437,21237,1,1
438,21238,1,1
439,21239,1,1
440,21240,1,0
441,21241,0,0
442,21242,0,1
443,21243,1,0
444,21244,0,0
445,21245,0,1
446,21246,1,0
447,21247,1,1
448,21248,1,0
449,21249,1,0
450,21250,1,1
451,21251,0,1
452,21252,1,0
453,21253,1,0
454,21254,1,0
455,21255,0,0
456,21256,0,0
457,21257,1,1
458,21258,0,1
459,21259,0,0
460,21260,1,0
461,21261,1,0
462,21262,0,0
463,21263,0,0
464,21264,1,1
465,21265,0,0
466,21266,0,0
467,21267,0,0
468,21268,0,0
469,21269,1,0
470,21270,0,1
471,21271,1,0
472,21272,0,0
473,21273,0,0
474,21274,1,1
475,21275,0,0
476,21276,0,0
477,21277,0,1
478,21278,0,0
479,21279,1,1
480,21280,1,1
481,21281,1,0
482,21282,1,1
483,21283,1,0
484,21284,1,0
485,21285,1,0
486,21286,1,1
487,21287,1,0
488,21288,1,0
489,21289,0,0
490,21290,0,0
491,21291,1,0
492,21292,0,0
493,21293,0,1
494,21294,1,0
495,21295,0,0
496,21296,0,0
497,21297,1,1
498,21298,1,1
499,21299,1,1
500,21300,0,0
501,21301,1,0
502,21302,0,0
503,21303,0,1
504,21304,1,1
505,21305,1,1
506,21306,1,0
507,21307,0,0
508,21308,0,0
509,21309,1,0
510,21310,1,1
511,21311,1,1
512,21312,1,1
513,21313,0,0
514,21314,0,0
515,21315,1,1
516,21316,0,0
517,21317,0,0
518,21318,1,0
519,21319,0,0
520,21320,0,0
521,21321,1,0
522,21322,1,1
523,21323,0,0
524,21324,0,0
525,21325,1,1
526,21326,0,0
527,21327,0,0
528,21328,1,1
529,21329,1,0
530,21330,1,1
531,21331,1,1
532,21332,0,0
533,21333,0,1
534,21334,0,1
535,21335,1,0
536,21336,0,1
537,21337,0,0
538,21338,1,1
539,21339,0,0
540,21340,0,1
541,21341,0,1
542,21342,0,1
543,21343,1,0
544,21344,1,0
545,21345,1,1
546,21346,0,0
547,21347,0,1
548,21348,0,1
549,21349,0,0
550,21350,0,0
551,21351,1,1
552,21352,1,0
553,21353,0,1
554,21354,1,1
555,21355,1,0
556,21356,1,1
557,21357,1,0
558,21358,0,0
559,21359,0,1
560,21360,0,0
561,21361,1,1
562,21362,1,0
563,21363,0,0
564,21364,0,1
565,21365,1,1
566,21366,1,0
567,21367,0,1
568,21368,1,1
569,21369,0,0
570,21370,0,1
571,21371,0,0
572,21372,1,0
573,21373,0,0
574,21374,0,0
575,21375,0,0
576,21376,1,1
577,21377,0,1
578,21378,1,0
579,21379,1,1
580,21380,1,1
581,21381,0,0
582,21382,0,1
583,21383,1,1
584,21384,0,0
585,21385,1,1
586,21386,1,1
587,21387,0,1
588,21388,0,0
589,21389,1,1
590,21390,0,1
591,21391,0,0
592,21392,0,0
593,21393,0,0
594,21394,0,0
595,21395,0,0
596,21396,1,0
597,21397,1,0
598,21398,1,0
599,21399,1,0
600,21400,1,1
601,21401,1,1
602,21402,1,0
603,21403,0,1
604,21404,0,0
605,21405,1,0
606,21406,0,0
607,21407,0,0
608,21408,0,0
609,21409,1,1
610,21410,0,1
611,21411,1,1
612,21412,0,0
613,21413,0,0
614,21414,0,0
615,21415,1,1
616,21416,1,1
617,21417,1,0
618,21418,0,0
619,21419,1,1
620,21420,0,1
621,21421,0,0
622,21422,1,1
623,21423,0,0
624,21424,0,0
625,21425,1,0
626,21426,1,1
627,21427,1,0
628,21428,1,1
629,21429,0,0
630,21430,1,0
631,21431,0,1
632,21432,1,0
633,21433,1,1
634,21434,1,0
635,21435,1,0
636,21436,1,0
637,21437,0,1
638,21438,0,0
639,21439,1,1
640,21440,0,0
641,21441,0,1
642,21442,1,1
643,21443,0,1
644,21444,1,0
645,21445,1,1
646,21446,1,1
647,21447,0,0
648,21448,1,1
649,21449,0,1
650,21450,1,1
651,21451,0,1
652,21452,1,0
653,21453,1,1
654,21454,0,0
655,21455,0,1
656,21456,0,0
657,21457,1,0
658,21458,0,0
659,21459,1,0
660,21460,1,1
661,21461,1,1
662,21462,1,0
663,21463,1,1
664,21464,0,0
665,21465,0,0
666,21466,0,0
667,21467,0,0
668,21468,0,1
669,21469,0,0
670,21470,1,0
671,21471,1,1
672,21472,1,0
673,21473,1,0
674,21474,0,0
675,21475,0,0
676,21476,1,1
677,21477,0,1
678,21478,1,1
679,21479,1,1
680,21480,1,1
681,21481,0,0
682,21482,0,1
683,21483,1,0
684,21484,0,0
685,21485,1,1
686,21486,1,0
687,21487,1,1
688,21488,1,1
689,21489,1,0
690,21490,0,0
691,21491,0,1
692,21492,1,1
693,21493,1,1
694,21494,0,0
695,21495,1,0
696,21496,1,1
697,21497,1,0
698,21498,1,1
699,21499,1,0
700,21500,1,1
701,21501,0,0
702,21502,1,0
703,21503,0,0
704,21504,1,1
705,21505,1,1
706,21506,1,1
707,21507,1,0
708,21508,1,0
709,21509,1,0
710,21510,0,0
711,21511,1,1
712,21512,1,0
713,21513,1,1
714,21514,1,0
715,21515,0,0
716,21516,0,1
717,21517,1,1
718,21518,1,0
719,21519,1,0
720,21520,0,1
721,21521,1,1
722,21522,0,1
723,21523,1,1
724,21524,1,1
725,21525,0,0
726,21526,0,0
727,21527,1,0
728,21528,1,1
729,21529,0,0
730,21530,0,0
731,21531,1,0
732,21532,0,0
733,21533,0,0
734,21534,0,0
735,21535,0,0
736,21536,0,0
737,21537,1,1
738,21538,1,1
739,21539,1,0
740,21540,1,0
741,21541,1,1
742,21542,1,0
743,21543,0,0
744,21544,0,1
745,21545,1,0
746,21546,1,1
747,21547,0,0
748,21548,1,1
749,21549,1,0
750,21550,1,1
751,21551,1,1
752,21552,0,1
753,21553,1,1
754,21554,1,0
755,21555,1,1
756,21556,1,0
757,21557,0,1
758,21558,0,1
759,21559,1,1
760,21560,0,0
761,21561,0,0
762,21562,1,1
763,21563,0,0
764,21564,1,1
765,21565,1,1
766,21566,0,0
767,21567,1,1
768,21568,0,0
769,21569,1,0
770,21570,0,1
771,21571,0,1
772,21572,0,0
773,21573,0,1
774,21574,1,0
775,21575,0,0
776,21576,0,0
777,21577,1,1
778,21578,1,1
779,21579,0,0
780,21580,1,1
781,21581,0,1
782,21582,1,1
783,21583,0,1
784,21584,1,1
785,21585,0,1
786,21586,1,1
787,21587,0,0
788,21588,1,0
789,21589,0,0
790,21590,0,0
791,21591,1,0
792,21592,1,0
793,21593,1,1
794,21594,1,1
795,21595,0,0
796,21596,0,0
797,21597,1,1
798,21598,0,0
799,21599,1,1
800,21600,0,0
801,21601,1,0
802,21602,1,1
803,21603,0,1
804,21604,0,0
805,21605,0,0
806,21606,0,0
807,21607,1,0
808,21608,1,0
809,21609,0,1
810,21610,1,1
811,21611,1,1
812,21612,1,1
813,21613,0,0
814,21614,0,1
815,21615,1,0
816,21616,0,0
817,21617,1,0
818,21618,0,0
819,21619,0,0
820,21620,0,0
821,21621,1,1
822,21622,1,0
823,21623,1,1
824,21624,1,1
825,21625,0,0
826,21626,0,1
827,21627,1,1
828,21628,0,1
829,21629,1,1
830,21630,0,0
831,21631,0,1
832,21632,1,0
833,21633,1,1
834,21634,1,1
835,21635,1,1
836,21636,1,0
837,21637,1,1
838,21638,1,1
839,21639,1,1
840,21640,1,0
841,21641,1,1
842,21642,0,0
843,21643,0,0
844,21644,0,0
845,21645,1,1
846,21646,0,0
847,21647,0,0
848,21648,0,0
849,21649,0,1
850,21650,0,1
851,21651,1,1
852,21652,1,1
853,21653,0,0
854,21654,1,1
855,21655,1,0
856,21656,1,1
857,21657,1,0
858,21658,1,1
859,21659,1,1
860,21660,1,0
861,21661,1,1
862,21662,0,0
863,21663,1,1
864,21664,1,1
865,21665,1,1
866,21666,1,1
867,21667,1,1
868,21668,1,0
869,21669,1,0
870,21670,0,1
871,21671,0,0
872,21672,0,0
873,21673,1,1
874,21674,1,0
875,21675,1,1
876,21676,0,0
877,21677,0,1
878,21678,1,1
879,21679,0,0
880,21680,1,0
881,21681,0,1
882,21682,1,1
883,21683,1,1
884,21684,1,1
885,21685,0,1
886,21686,1,1
887,21687,1,1
888,21688,1,1
889,21689,0,1
890,21690,0,1
891,21691,1,1
892,21692,0,1
893,21693,0,0
894,21694,1,0
895,21695,0,1
896,21696,0,0
897,21697,0,0
898,21698,0,0
899,21699,0,1
900,21700,1,1
901,21701,0,0
902,21702,1,0
903,21703,0,0
904,21704,1,0
905,21705,1,1
906,21706,0,0
907,21707,1,1
908,21708,0,0
909,21709,1,1
910,21710,0,0
911,21711,1,1
912,21712,1,0
913,21713,1,0
914,21714,1,1
915,21715,1,0
916,21716,0,0
917,21717,0,0
918,21718,0,1
919,21719,0,0
920,21720,0,0
921,21721,1,1
922,21722,0,1
923,21723,0,1
924,21724,1,0
925,21725,0,1
926,21726,1,1
927,21727,0,0
928,21728,1,0
929,21729,1,1
930,21730,1,1
931,21731,1,0
932,21732,1,1
933,21733,1,1
934,21734,0,1
935,21735,1,1
936,21736,0,0
937,21737,0,0
938,21738,0,1
939,21739,1,0
940,21740,1,1
941,21741,1,0
942,21742,1,1
943,21743,0,1
944,21744,0,1
945,21745,1,0
946,21746,1,1
947,21747,1,1
948,21748,0,1
949,21749,1,1
950,21750,0,1
951,21751,0,0
952,21752,1,0
953,21753,1,1
954,21754,1,1
955,21755,0,0
956,21756,1,0
957,21757,0,1
958,21758,1,1
959,21759,0,0
960,21760,0,1
961,21761,0,0
962,21762,1,1
963,21763,1,1
964,21764,0,0
965,21765,1,1
966,21766,1,1
967,21767,1,0
968,21768,0,0
969,21769,0,1
970,21770,0,0
971,21771,0,0
972,21772,0,0
973,21773,1,0
974,21774,0,1
975,21775,0,0
976,21776,1,0
977,21777,1,0
978,21778,1,1
979,21779,0,0
980,21780,0,0
981,21781,0,0
982,21782,1,0
983,21783,1,0
984,21784,0,0
985,21785,1,1
986,21786,1,0
987,21787,1,0
988,21788,1,0
989,21789,0,1
990,21790,1,1
991,21791,0,0
992,21792,1,0
993,21793,1,0
994,21794,1,1
995,21795,0,0
996,21796,1,1
997,21797,0,0
998,21798,1,1
999,21799,1,0
1000,21800,0,0
1001,21801,0,1
1002,21802,1,0
1003,21803,1,1
1004,21804,0,0
1005,21805,0,0
1006,21806,1,0
1007,21807,1,1
1008,21808,0,1
1009,21809,1,1
1010,21810,1,1
1011,21811,1,1
1012,21812,0,0
1013,21813,1,0
1014,21814,1,1
1015,21815,0,0
1016,21816,1,1
1017,21817,1,0
1018,21818,0,0
1019,21819,1,0
1020,21820,0,0
1021,21821,1,1
1022,21822,1,0
1023,21823,0,0
1024,21824,1,0
1025,21825,1,0
1026,21826,1,1
1027,21827,0,1
1028,21828,1,1
1029,21829,1,1
1030,21830,1,1
1031,21831,1,1
1032,21832,0,1
1033,21833,0,1
1034,21834,1,1
1035,21835,1,1
1036,21836,1,0
1037,21837,1,1
1038,21838,1,0
1039,21839,1,1
1040,21840,0,1
1041,21841,0,1
1042,21842,0,0
1043,21843,1,0
1044,21844,1,1
1045,21845,1,0
1046,21846,1,0
1047,21847,1,1
1048,21848,1,1
1049,21849,0,1
1050,21850,1,1
1051,21851,1,1
1052,21852,1,0
1053,21853,1,1
1054,21854,1,1
1055,21855,0,1
1056,21856,1,0
1057,21857,1,1
1058,21858,0,0
1059,21859,0,0
1060,21860,0,0
1061,21861,1,1
1062,21862,1,1
1063,21863,0,1
1064,21864,0,0
1065,21865,1,1
1066,21866,0,1
1067,21867,0,0
1068,21868,1,0
1069,21869,1,1
1070,21870,1,1
1071,21871,0,0
1072,21872,0,0
1073,21873,0,1
1074,21874,1,1
1075,21875,1,1
1076,21876,1,1
1077,21877,1,0
1078,21878,1,1
1079,21879,1,1
1080,21880,1,0
1081,21881,1,0
1082,21882,1,1
1083,21883,0,0
1084,21884,1,1
1085,21885,1,0
1086,21886,1,0
1087,21887,0,0
1088,21888,1,1
1089,21889,0,0
1090,21890,0,1
1091,21891,1,0
1092,21892,1,0
1093,21893,0,0
1094,21894,0,0
1095,21895,1,1
1096,21896,1,1
1097,21897,0,0
1098,21898,1,0
1099,21899,1,1
1100,21900,1,0
1101,21901,0,1
1102,21902,1,1
1103,21903,0,1
1104,21904,1,1
1105,21905,1,1
1106,21906,0,1
1107,21907,1,1
1108,21908,0,1
1109,21909,0,0
1110,21910,0,1
1111,21911,1,0
1112,21912,0,0
1113,21913,0,0
1114,21914,1,1
1115,21915,1,1
1116,21916,0,0
1117,21917,1,0
1118,21918,0,0
1119,21919,0,0
1120,21920,1,0
1121,21921,1,1
1122,21922,0,0
1123,21923,1,0
1124,21924,0,0
1125,21925,1,0
1126,21926,1,0
1127,21927,0,1
1128,21928,0,1
1129,21929,1,1
1130,21930,1,0
1131,21931,1,1
1132,21932,1,0
1133,21933,0,1
1134,21934,1,1
1135,21935,1,0
1136,21936,1,1
1137,21937,0,1
1138,21938,1,1
1139,21939,1,1
1140,21940,1,0
1141,21941,0,0
1142,21942,1,0
1143,21943,1,0
1144,21944,1,1
1145,21945,1,1
1146,21946,0,1
1147,21947,0,1
1148,21948,1,0
1149,21949,1,0
1150,21950,0,1
1151,21951,1,1
1152,21952,1,0
1153,21953,1,0
1154,21954,1,1
1155,21955,0,1
1156,21956,0,0
1157,21957,0,1
1158,21958,1,0
1159,21959,1,0
1160,21960,1,1
1161,21961,0,0
1162,21962,0,0
1163,21963,1,1
1164,21964,1,0
1165,21965,1,1
1166,21966,0,1
1167,21967,0,0
1168,21968,0,1
1169,21969,0,1
1170,21970,0,0
1171,21971,0,1
1172,21972,0,0
1173,21973,0,0
1174,21974,1,1
1175,21975,1,1
1176,21976,1,0
1177,21977,0,0
1178,21978,0,1
1179,21979,1,0
1180,21980,1,0
1181,21981,1,1
1182,21982,0,0
1183,21983,0,0
1184,21984,1,1
1185,21985,1,1
1186,21986,1,0
1187,21987,1,1
1188,21988,0,0
1189,21989,1,0
1190,21990,1,1
1191,21991,0,0
1192,21992,1,1
1193,21993,1,1
1194,21994,1,1
1195,21995,1,1
1196,21996,0,0
1197,21997,1,1
1198,21998,0,0
1199,21999,0,0
1200,22000,0,1
1201,22001,1,1
1202,22002,1,1
1203,22003,0,1
1204,22004,1,1
1205,22005,0,0
1206,22006,1,1
1207,22007,1,0
1208,22008,0,0
1209,22009,1,0
1210,22010,0,0
1211,22011,1,1
1212,22012,1,1
1213,22013,0,0
1214,22014,1,0
1215,22015,0,0
1216,22016,1,0
1217,22017,0,0
1218,22018,0,0
1219,22019,1,1
1220,22020,0,1
1221,22021,0,1
1222,22022,0,0
1223,22023,1,1
1224,22024,1,1
1225,22025,1,0
1226,22026,1,1
1227,22027,1,1
1228,22028,1,1
1229,22029,0,1
1230,22030,1,1
1231,22031,1,1
1232,22032,1,0
1233,22033,1,1
1234,22034,1,1
1235,22035,0,0
1236,22036,0,0
1237,22037,1,0
1238,22038,0,1
1239,22039,0,1
1240,22040,0,0
1241,22041,1,1
1242,22042,1,1
1243,22043,1,0
1244,22044,0,0
1245,22045,1,1
1246,22046,1,1
1247,22047,0,0
1248,22048,0,1
1249,22049,1,1
1250,22050,1,1
1251,22051,0,0
1252,22052,0,0
1253,22053,1,1
1254,22054,1,0
1255,22055,0,1
1256,22056,0,1
1257,22057,0,1
1258,22058,0,1
1259,22059,1,1
1260,22060,1,0
1261,22061,1,1
1262,22062,0,1
1263,22063,0,0
1264,22064,1,1
1265,22065,0,1
1266,22066,0,1
1267,22067,1,0
1268,22068,1,1
1269,22069,1,1
1270,22070,0,1
1271,22071,1,1
1272,22072,0,0
1273,22073,1,0
1274,22074,1,1
1275,22075,0,0
1276,22076,1,0
1277,22077,1,0
1278,22078,0,0
1279,22079,0,0
1280,22080,1,0
1281,22081,0,1
1282,22082,0,0
1283,22083,0,0
1284,22084,0,0
1285,22085,1,1
1286,22086,0,1
1287,22087,1,1
1288,22088,1,0
1289,22089,1,1
1290,22090,1,1
1291,22091,0,0
1292,22092,1,1
1293,22093,1,1
1294,22094,1,0
1295,22095,1,0
1296,22096,1,1
1297,22097,0,0
1298,22098,1,0
1299,22099,0,0
1300,22100,1,0
1301,22101,1,0
1302,22102,1,1
1303,22103,0,1
1304,22104,1,1
1305,22105,1,0
1306,22106,0,0
1307,22107,0,0
1308,22108,1,1
1309,22109,0,0
1310,22110,0,1
1311,22111,1,1
1312,22112,1,1
1313,22113,1,1
1314,22114,1,0
1315,22115,0,1
1316,22116,0,0
1317,22117,0,0
1318,22118,1,0
1319,22119,0,0
1320,22120,1,1
1321,22121,1,1
1322,22122,1,1
1323,22123,1,0
1324,22124,1,0
1325,22125,1,0
1326,22126,1,1
1327,22127,1,0
1328,22128,1,0
1329,22129,1,0
1330,22130,1,1
1331,22131,1,1
1332,22132,0,0
1333,22133,1,1
1334,22134,0,0
1335,22135,0,0
1336,22136,1,1
1337,22137,1,0
1338,22138,1,1
1339,22139,1,0
1340,22140,0,0
1341,22141,0,0
1342,22142,0,1
1343,22143,1,0
1344,22144,1,1
1345,22145,1,0
1346,22146,0,1
1347,22147,1,1
1348,22148,0,0
1349,22149,0,1
1350,22150,0,0
1351,22151,0,0
1352,22152,1,1
1353,22153,1,0
1354,22154,0,0
1355,22155,0,0
1356,22156,0,0
1357,22157,0,1
1358,22158,0,1
1359,22159,0,1
1360,22160,0,1
1361,22161,0,0
1362,22162,0,0
1363,22163,0,0
1364,22164,0,0
1365,22165,0,1
1366,22166,1,1
1367,22167,1,0
1368,22168,1,0
1369,22169,1,0
1370,22170,0,0
1371,22171,0,0
1372,22172,0,1
1373,22173,0,0
1374,22174,1,1
1375,22175,0,0
1376,22176,0,0
1377,22177,1,0
1378,22178,1,1
1379,22179,0,0
1380,22180,1,0
1381,22181,1,1
1382,22182,0,0
1383,22183,0,0
1384,22184,1,1
1385,22185,1,1
1386,22186,1,1
1387,22187,0,0
1388,22188,0,0
1389,22189,1,0
1390,22190,1,0
1391,22191,0,0
1392,22192,1,1
1393,22193,1,1
1394,22194,1,0
1395,22195,1,1
1396,22196,0,0
1397,22197,1,1
1398,22198,1,1
1399,22199,0,0
1400,22200,0,0
1401,22201,0,0
1402,22202,1,0
1403,22203,1,1
1404,22204,1,1
1405,22205,0,1
1406,22206,0,0
1407,22207,0,0
1408,22208,0,1
1409,22209,1,0
1410,22210,0,0
1411,22211,1,0
1412,22212,0,0
1413,22213,1,1
1414,22214,0,0
1415,22215,0,0
1416,22216,1,0
1417,22217,0,1
1418,22218,0,0
1419,22219,0,1
1420,22220,0,0
1421,22221,0,1
1422,22222,0,1
1423,22223,1,0
1424,22224,0,1
1425,22225,1,1
1426,22226,0,0
1427,22227,0,0
1428,22228,1,1
1429,22229,1,1
1430,22230,1,1
1431,22231,1,1
1432,22232,0,0
1433,22233,1,0
1434,22234,0,0
1435,22235,0,0
1436,22236,1,1
1437,22237,0,1
1438,22238,1,1
1439,22239,0,1
1440,22240,1,0
1441,22241,0,0
1442,22242,1,1
1443,22243,0,0
1444,22244,1,0
1445,22245,0,1
1446,22246,0,1
1447,22247,0,0
1448,22248,1,1
1449,22249,0,0
1450,22250,1,1
1451,22251,0,0
1452,22252,1,0
1453,22253,1,0
1454,22254,0,0
1455,22255,0,0
1456,22256,1,1
1457,22257,1,0
1458,22258,1,1
1459,22259,1,0
1460,22260,0,1
1461,22261,1,1
1462,22262,1,1
1463,22263,1,0
1464,22264,1,1
1465,22265,1,1
1466,22266,0,0
1467,22267,1,0
1468,22268,0,1
1469,22269,0,1
1470,22270,0,0
1471,22271,0,0
1472,22272,1,0
1473,22273,0,1
1474,22274,0,0
1475,22275,0,1
1476,22276,1,1
1477,22277,0,0
1478,22278,1,1
1479,22279,0,1
1480,22280,0,0
1481,22281,0,0
1482,22282,0,1
1483,22283,1,0
1484,22284,0,0
1485,22285,1,1
1486,22286,1,1
1487,22287,0,0
1488,22288,0,0
1489,22289,1,1
1490,22290,0,1
1491,22291,0,0
1492,22292,0,0
1493,22293,1,1
1494,22294,1,0
1495,22295,0,1
1496,22296,1,0
1497,22297,1,0
1498,22298,0,0
1499,22299,0,1
1500,22300,0,1
1501,22301,1,0
1502,22302,0,0
1503,22303,0,0
1504,22304,1,1
1505,22305,1,1
1506,22306,0,1
1507,22307,1,1
1508,22308,0,0
1509,22309,1,0
1510,22310,1,1
1511,22311,1,0
1512,22312,1,0
1513,22313,1,1
1514,22314,1,1
1515,22315,0,1
1516,22316,0,1
1517,22317,1,0
1518,22318,0,0
1519,22319,1,0
1520,22320,0,0
1521,22321,1,1
1522,22322,1,0
1523,22323,1,1
1524,22324,0,1
1525,22325,1,1
1526,22326,1,1
1527,22327,0,0
1528,22328,0,1
1529,22329,1,1
1530,22330,0,1
1531,22331,1,1
1532,22332,1,0
1533,22333,1,1
1534,22334,1,1
1535,22335,0,0
1536,22336,0,0
1537,22337,0,0
1538,22338,1,1
1539,22339,1,1
1540,22340,0,0
1541,22341,0,0
1542,22342,1,1
1543,22343,0,1
1544,22344,1,1
1545,22345,0,0
1546,22346,1,0
1547,22347,1,1
1548,22348,1,0
1549,22349,1,0
1550,22350,0,1
1551,22351,0,0
1552,22352,0,1
1553,22353,1,1
1554,22354,1,1
1555,22355,0,0
1556,22356,1,1
1557,22357,0,1
1558,22358,1,1
1559,22359,1,1
1560,22360,1,1
1561,22361,0,0
1562,22362,1,1
1563,22363,0,0
1564,22364,1,1
1565,22365,0,1
1566,22366,1,1
1567,22367,0,0
1568,22368,0,0
1569,22369,0,0
1570,22370,0,1
1571,22371,1,1
1572,22372,1,1
1573,22373,1,1
1574,22374,0,0
1575,22375,0,0
1576,22376,1,0
1577,22377,1,1
1578,22378,0,1
1579,22379,0,1
1580,22380,0,0
1581,22381,0,1
1582,22382,1,1
1583,22383,1,1
1584,22384,1,0
1585,22385,1,1
1586,22386,0,1
1587,22387,0,1
1588,22388,0,0
1589,22389,1,1
1590,22390,1,0
1591,22391,0,1
1592,22392,0,0
1593,22393,0,1
1594,22394,0,0
1595,22395,1,1
1596,22396,1,0
1597,22397,0,1
1598,22398,0,0
1599,22399,1,1
1600,22400,0,0
1601,22401,0,1
1602,22402,1,0
1603,22403,1,1
1604,22404,0,1
1605,22405,1,1
1606,22406,1,1
1607,22407,1,1
1608,22408,0,0
1609,22409,1,0
1610,22410,0,0
1611,22411,0,0
1612,22412,1,1
1613,22413,0,0
1614,22414,1,1
1615,22415,0,0
1616,22416,0,0
1617,22417,1,1
1618,22418,1,1
1619,22419,1,0
1620,22420,0,0
1621,22421,0,0
1622,22422,0,0
1623,22423,1,0
1624,22424,0,0
1625,22425,0,1
1626,22426,0,0
1627,22427,1,1
1628,22428,0,1
1629,22429,1,0
1630,22430,0,0
1631,22431,0,1
1632,22432,1,1
1633,22433,0,1
1634,22434,0,1
1635,22435,1,1
1636,22436,0,0
1637,22437,1,0
1638,22438,1,1
1639,22439,0,0
1640,22440,1,1
1641,22441,1,1
1642,22442,1,1
1643,22443,0,0
1644,22444,1,1
1645,22445,0,0
1646,22446,0,1
1647,22447,0,1
1648,22448,0,0
1649,22449,1,1
1650,22450,1,1
1651,22451,1,1
1652,22452,1,0
1653,22453,1,0
1654,22454,0,1
1655,22455,1,1
1656,22456,1,1
1657,22457,1,0
1658,22458,0,0
1659,22459,0,1
1660,22460,0,0
1661,22461,1,1
1662,22462,0,0
1663,22463,1,0
1664,22464,0,0
1665,22465,1,1
1666,22466,1,1
1667,22467,1,1
1668,22468,1,0
1669,22469,1,0
1670,22470,0,0
1671,22471,1,1
1672,22472,1,0
1673,22473,0,1
1674,22474,0,0
1675,22475,1,1
1676,22476,0,1
1677,22477,1,1
1678,22478,1,1
1679,22479,0,0
1680,22480,1,1
1681,22481,1,1
1682,22482,1,1
1683,22483,1,0
1684,22484,0,1
1685,22485,1,0
1686,22486,1,1
1687,22487,1,0
1688,22488,0,0
1689,22489,1,0
1690,22490,0,0
1691,22491,1,1
1692,22492,0,0
1693,22493,0,0
1694,22494,1,1
1695,22495,0,0
1696,22496,0,0
1697,22497,0,0
1698,22498,1,1
1699,22499,0,0
1700,22500,0,0
1701,22501,1,0
1702,22502,1,1
1703,22503,0,0
1704,22504,0,0
1705,22505,0,0
1706,22506,0,0
1707,22507,0,1
1708,22508,1,1
1709,22509,1,0
1710,22510,1,1
1711,22511,0,0
1712,22512,0,0
1713,22513,1,0
1714,22514,1,1
1715,22515,1,0
1716,22516,1,1
1717,22517,1,1
1718,22518,1,0
1719,22519,1,1
1720,22520,1,0
1721,22521,0,1
1722,22522,1,1
1723,22523,1,0
1724,22524,1,1
1725,22525,0,0
1726,22526,1,0
1727,22527,0,1
1728,22528,0,0
1729,22529,1,1
1730,22530,1,1
1731,22531,1,1
1732,22532,1,1
1733,22533,1,0
1734,22534,1,1
1735,22535,0,0
1736,22536,0,0
1737,22537,0,1
1738,22538,0,1
1739,22539,1,1
1740,22540,0,0
1741,22541,1,0
1742,22542,1,0
1743,22543,1,1
1744,22544,1,1
1745,22545,0,0
1746,22546,0,0
1747,22547,1,1
1748,22548,1,0
1749,22549,1,1
1750,22550,0,0
1751,22551,0,0
1752,22552,0,0
1753,22553,0,0
1754,22554,0,1
1755,22555,0,0
1756,22556,1,0
1757,22557,1,1
1758,22558,1,0
1759,22559,0,1
1760,22560,1,0
1761,22561,0,0
1762,22562,1,1
1763,22563,0,1
1764,22564,0,1
1765,22565,0,0
1766,22566,0,0
1767,22567,1,0
1768,22568,0,1
1769,22569,0,0
1770,22570,0,0
1771,22571,1,1
1772,22572,0,1
1773,22573,1,1
1774,22574,1,1
1775,22575,0,1
1776,22576,1,1
1777,22577,0,0
1778,22578,0,0
1779,22579,1,1
1780,22580,0,0
1781,22581,0,0
1782,22582,0,1
1783,22583,1,0
1784,22584,1,0
1785,22585,1,0
1786,22586,0,0
1787,22587,0,1
1788,22588,1,0
1789,22589,1,0
1790,22590,0,0
1791,22591,1,1
1792,22592,0,0
1793,22593,0,0
1794,22594,0,0
1795,22595,0,0
1796,22596,0,0
1797,22597,1,1
1798,22598,0,0
1799,22599,0,0
1800,22600,1,1
1801,22601,0,1
1802,22602,0,0
1803,22603,1,1
1804,22604,1,0
1805,22605,1,0
1806,22606,0,0
1807,22607,0,0
1808,22608,1,0
1809,22609,0,0
1810,22610,0,1
1811,22611,1,1
1812,22612,0,0
1813,22613,1,1
1814,22614,0,0
1815,22615,1,1
1816,22616,0,0
1817,22617,1,1
1818,22618,1,1
1819,22619,0,0
1820,22620,0,0
1821,22621,1,0
1822,22622,1,1
1823,22623,0,0
1824,22624,0,0
1825,22625,1,1
1826,22626,1,0
1827,22627,0,0
1828,22628,1,1
1829,22629,1,0
1830,22630,1,1
1831,22631,0,0
1832,22632,1,1
1833,22633,0,0
1834,22634,0,0
1835,22635,1,0
1836,22636,1,1
1837,22637,1,1
1838,22638,0,0
1839,22639,1,0
1840,22640,1,0
1841,22641,0,0
1842,22642,0,1
1843,22643,1,0
1844,22644,1,0
1845,22645,0,1
1846,22646,0,0
1847,22647,1,1
1848,22648,0,0
1849,22649,1,1
1850,22650,1,1
1851,22651,1,1
1852,22652,1,0
1853,22653,1,1
1854,22654,1,1
1855,22655,1,1
1856,22656,0,0
1857,22657,1,1
1858,22658,0,0
1859,22659,0,0
1860,22660,1,0
1861,22661,1,1
1862,22662,0,1
1863,22663,1,1
1864,22664,1,0
1865,22665,1,1
1866,22666,1,1
1867,22667,1,0
1868,22668,0,0
1869,22669,1,1
1870,22670,1,1
1871,22671,1,0
1872,22672,1,0
1873,22673,0,1
1874,22674,1,1
1875,22675,1,1
1876,22676,1,1
1877,22677,1,1
1878,22678,0,0
1879,22679,1,1
1880,22680,1,0
1881,22681,0,1
1882,22682,1,0
1883,22683,0,0
1884,22684,0,1
1885,22685,1,0
1886,22686,1,0
1887,22687,0,0
1888,22688,0,1
1889,22689,1,1
1890,22690,1,1
1891,22691,0,0
1892,22692,1,1
1893,22693,1,0
1894,22694,1,0
1895,22695,0,0
1896,22696,0,1
1897,22697,1,0
1898,22698,0,1
1899,22699,1,1
1900,22700,0,1
1901,22701,1,0
1902,22702,1,0
1903,22703,0,0
1904,22704,1,0
1905,22705,1,1
1906,22706,1,0
1907,22707,1,1
1908,22708,0,1
1909,22709,0,1
1910,22710,1,1
1911,22711,0,0
1912,22712,0,0
1913,22713,1,1
1914,22714,0,0
1915,22715,0,0
1916,22716,1,1
1917,22717,0,0
1918,22718,1,1
1919,22719,1,1
1920,22720,0,0
1921,22721,0,0
1922,22722,0,1
1923,22723,1,0
1924,22724,0,0
1925,22725,0,0
1926,22726,0,0
1927,22727,1,1
1928,22728,1,1
1929,22729,1,1
1930,22730,1,0
1931,22731,1,1
1932,22732,0,0
1933,22733,1,1
1934,22734,1,1
1935,22735,0,0
1936,22736,1,1
1937,22737,0,1
1938,22738,0,0
1939,22739,0,0
1940,22740,1,0
1941,22741,1,1
1942,22742,1,0
1943,22743,1,0
1944,22744,0,0
1945,22745,1,0
1946,22746,1,0
1947,22747,0,1
1948,22748,1,1
1949,22749,1,1
1950,22750,0,1
1951,22751,1,0
1952,22752,1,0
1953,22753,1,1
1954,22754,0,1
1955,22755,0,1
1956,22756,0,0
1957,22757,0,0
1958,22758,0,1
1959,22759,1,1
1960,22760,1,0
1961,22761,1,1
1962,22762,1,1
1963,22763,0,0
1964,22764,1,1
1965,22765,0,0
1966,22766,0,0
1967,22767,0,0
1968,22768,0,0
1969,22769,1,0
1970,22770,1,1
1971,22771,1,0
1972,22772,1,1
1973,22773,0,0
1974,22774,1,1
1975,22775,0,0
1976,22776,0,0
1977,22777,0,1
1978,22778,0,0
1979,22779,1,1
1980,22780,0,1
1981,22781,1,0
1982,22782,0,1
1983,22783,1,1
1984,22784,1,1
1985,22785,1,0
1986,22786,0,0
1987,22787,0,0
1988,22788,1,0
1989,22789,1,1
1990,22790,1,1
1991,22791,1,0
1992,22792,1,1
1993,22793,0,1
1994,22794,0,0
1995,22795,0,1
1996,22796,1,1
1997,22797,0,0
1998,22798,1,0
1999,22799,0,0
2000,22800,1,0
2001,22801,1,1
2002,22802,0,1
2003,22803,1,1
2004,22804,0,0
2005,22805,0,0
2006,22806,1,1
2007,22807,0,0
2008,22808,0,0
2009,22809,1,1
2010,22810,0,0
2011,22811,1,1
2012,22812,0,0
2013,22813,1,1
2014,22814,0,0
2015,22815,0,0
2016,22816,0,0
2017,22817,0,0
2018,22818,1,1
2019,22819,1,1
2020,22820,0,0
2021,22821,1,1
2022,22822,1,1
2023,22823,0,0
2024,22824,1,1
2025,22825,0,0
2026,22826,0,0
2027,22827,1,0
2028,22828,0,0
2029,22829,1,1
2030,22830,0,0
2031,22831,1,1
2032,22832,0,0
2033,22833,1,1
2034,22834,1,1
2035,22835,1,0
2036,22836,1,1
2037,22837,1,1
2038,22838,0,1
2039,22839,1,1
2040,22840,1,1
2041,22841,1,1
2042,22842,1,1
2043,22843,0,0
2044,22844,1,1
2045,22845,0,0
2046,22846,1,0
2047,22847,1,1
2048,22848,1,1
2049,22849,1,1
2050,22850,1,0
2051,22851,0,0
2052,22852,0,1
2053,22853,0,1
2054,22854,0,1
2055,22855,1,1
2056,22856,0,0
2057,22857,0,0
2058,22858,1,0
2059,22859,0,0
2060,22860,0,0
2061,22861,1,1
2062,22862,0,1
2063,22863,0,1
2064,22864,0,0
2065,22865,0,0
2066,22866,1,1
2067,22867,0,0
2068,22868,0,1
2069,22869,1,0
2070,22870,0,0
2071,22871,0,1
2072,22872,0,0
2073,22873,0,0
2074,22874,0,0
2075,22875,1,1
2076,22876,1,1
2077,22877,0,1
2078,22878,0,0
2079,22879,0,1
2080,22880,1,1
2081,22881,0,0
2082,22882,1,1
2083,22883,0,0
2084,22884,0,1
2085,22885,1,0
2086,22886,0,0
2087,22887,1,0
2088,22888,0,0
2089,22889,0,0
2090,22890,0,1
2091,22891,1,0
2092,22892,1,1
2093,22893,1,0
2094,22894,0,1
2095,22895,1,1
2096,22896,0,0
2097,22897,1,1
2098,22898,1,0
2099,22899,1,0
2100,22900,1,1
2101,22901,0,1
2102,22902,1,1
2103,22903,1,1
2104,22904,0,0
2105,22905,0,0
2106,22906,1,0
2107,22907,0,1
2108,22908,1,1
2109,22909,1,0
2110,22910,1,1
2111,22911,0,0
2112,22912,0,0
2113,22913,1,1
2114,22914,1,1
2115,22915,1,0
2116,22916,0,0
2117,22917,1,1
2118,22918,0,0
2119,22919,1,1
2120,22920,1,1
2121,22921,1,1
2122,22922,0,0
2123,22923,0,1
2124,22924,0,0
2125,22925,1,1
2126,22926,0,1
2127,22927,0,1
2128,22928,1,1
2129,22929,0,0
2130,22930,1,1
2131,22931,0,0
2132,22932,0,1
2133,22933,0,1
2134,22934,1,1
2135,22935,0,1
2136,22936,0,1
2137,22937,0,1
2138,22938,1,0
2139,22939,0,0
2140,22940,1,1
2141,22941,1,0
2142,22942,1,1
2143,22943,0,1
2144,22944,1,0
2145,22945,1,1
2146,22946,0,0
2147,22947,1,0
2148,22948,1,1
2149,22949,1,1
2150,22950,1,1
2151,22951,0,1
2152,22952,1,0
2153,22953,0,0
2154,22954,1,1
2155,22955,1,0
2156,22956,1,1
2157,22957,1,0
2158,22958,0,0
2159,22959,0,0
2160,22960,1,1
2161,22961,1,1
2162,22962,0,0
2163,22963,0,0
2164,22964,1,1
2165,22965,1,1
2166,22966,1,1
2167,22967,0,0
2168,22968,0,0
2169,22969,0,0
2170,22970,1,1
2171,22971,1,0
2172,22972,1,1
2173,22973,1,1
2174,22974,0,1
2175,22975,0,0
2176,22976,1,0
2177,22977,0,0
2178,22978,1,1
2179,22979,0,0
2180,22980,1,1
2181,22981,0,0
2182,22982,0,1
2183,22983,1,1
2184,22984,1,1
2185,22985,1,0
2186,22986,1,1
2187,22987,0,1
2188,22988,1,1
2189,22989,1,1
2190,22990,1,1
2191,22991,1,1
2192,22992,0,0
2193,22993,1,0
2194,22994,1,1
2195,22995,1,1
2196,22996,1,1
2197,22997,1,1
2198,22998,1,1
2199,22999,1,1
2200,23000,1,0
2201,23001,1,1
2202,23002,1,0
2203,23003,1,1
2204,23004,0,1
2205,23005,1,1
2206,23006,1,1
2207,23007,0,1
2208,23008,0,0
2209,23009,1,1
2210,23010,0,0
2211,23011,1,1
2212,23012,0,1
2213,23013,1,0
2214,23014,0,1
2215,23015,1,1
2216,23016,0,1
2217,23017,0,0
2218,23018,0,0
2219,23019,0,0
2220,23020,0,0
2221,23021,0,1
2222,23022,1,1
2223,23023,0,0
2224,23024,1,1
2225,23025,0,0
2226,23026,1,1
2227,23027,0,1
2228,23028,1,0
2229,23029,1,0
2230,23030,0,0
2231,23031,0,0
2232,23032,1,1
2233,23033,0,0
2234,23034,1,1
2235,23035,0,1
2236,23036,1,1
2237,23037,1,0
2238,23038,1,0
2239,23039,0,0
2240,23040,1,1
2241,23041,1,0
2242,23042,0,1
2243,23043,1,1
2244,23044,1,1
2245,23045,0,0
2246,23046,0,1
2247,23047,0,0
2248,23048,1,0
2249,23049,0,0
2250,23050,1,0
2251,23051,1,1
2252,23052,0,0
2253,23053,0,0
2254,23054,1,0
2255,23055,1,1
2256,23056,1,1
2257,23057,1,1
2258,23058,1,1
2259,23059,0,0
2260,23060,0,0
2261,23061,0,0
2262,23062,1,0
2263,23063,0,0
2264,23064,0,1
2265,23065,1,0
2266,23066,1,1
2267,23067,0,0
2268,23068,1,0
2269,23069,0,0
2270,23070,0,1
2271,23071,0,0
2272,23072,0,1
2273,23073,1,1
2274,23074,0,0
2275,23075,1,0
2276,23076,1,1
2277,23077,1,0
2278,23078,1,0
2279,23079,0,0
2280,23080,1,0
2281,23081,0,1
2282,23082,0,0
2283,23083,1,1
2284,23084,0,0
2285,23085,1,0
2286,23086,1,1
2287,23087,1,0
2288,23088,0,0
2289,23089,1,0
2290,23090,0,0
2291,23091,1,1
2292,23092,0,0
2293,23093,0,0
2294,23094,1,0
2295,23095,0,0
2296,23096,0,1
2297,23097,0,0
2298,23098,1,1
2299,23099,0,0
2300,23100,0,0
2301,23101,0,1
2302,23102,0,0
2303,23103,0,0
2304,23104,1,0
2305,23105,0,0
2306,23106,0,0
2307,23107,1,1
2308,23108,0,1
2309,23109,1,1
2310,23110,1,0
2311,23111,1,1
2312,23112,0,0
2313,23113,0,0
2314,23114,1,1
2315,23115,1,1
2316,23116,0,0
2317,23117,0,0
2318,23118,1,1
2319,23119,1,1
2320,23120,1,0
2321,23121,0,1
2322,23122,1,1
2323,23123,1,1
2324,23124,1,0
2325,23125,1,0
2326,23126,1,1
2327,23127,1,0
2328,23128,1,1
2329,23129,0,1
2330,23130,1,1
2331,23131,0,1
2332,23132,0,0
2333,23133,0,0
2334,23134,0,1
2335,23135,1,1
2336,23136,1,0
2337,23137,1,1
2338,23138,0,1
2339,23139,0,0
2340,23140,1,1
2341,23141,0,0
2342,23142,1,0
2343,23143,1,1
2344,23144,0,0
2345,23145,0,0
2346,23146,0,0
2347,23147,0,0
2348,23148,0,1
2349,23149,0,0
2350,23150,1,1
2351,23151,0,1
2352,23152,1,0
2353,23153,1,1
2354,23154,0,0
2355,23155,0,0
2356,23156,1,1
2357,23157,1,1
2358,23158,0,0
2359,23159,1,1
2360,23160,0,0
2361,23161,0,0
2362,23162,0,0
2363,23163,1,0
2364,23164,0,0
2365,23165,0,1
2366,23166,1,1
2367,23167,1,1
2368,23168,1,1
2369,23169,0,0
2370,23170,0,1
2371,23171,1,0
2372,23172,1,0
2373,23173,0,0
2374,23174,1,1
2375,23175,0,0
2376,23176,0,1
2377,23177,1,1
2378,23178,1,1
2379,23179,1,1
2380,23180,1,0
2381,23181,1,0
2382,23182,1,0
2383,23183,1,1
2384,23184,0,0
2385,23185,1,0
2386,23186,1,1
2387,23187,0,0
2388,23188,0,1
2389,23189,1,1
2390,23190,1,1
2391,23191,1,0
2392,23192,1,0
2393,23193,1,0
2394,23194,1,1
2395,23195,0,0
2396,23196,1,0
2397,23197,0,0
2398,23198,0,0
2399,23199,0,1
2400,23200,1,0
2401,23201,0,0
2402,23202,1,1
2403,23203,1,1
2404,23204,1,0
2405,23205,1,0
2406,23206,1,1
2407,23207,0,0
2408,23208,1,0
2409,23209,1,1
2410,23210,1,0
2411,23211,1,0
2412,23212,1,0
2413,23213,1,1
2414,23214,1,1
2415,23215,0,0
2416,23216,1,0
2417,23217,1,1
2418,23218,1,0
2419,23219,0,0
2420,23220,0,0
2421,23221,0,0
2422,23222,0,0
2423,23223,0,1
2424,23224,0,0
2425,23225,0,1
2426,23226,0,0
2427,23227,0,0
2428,23228,0,1
2429,23229,0,0
2430,23230,0,0
2431,23231,1,0
2432,23232,1,1
2433,23233,1,1
2434,23234,1,0
2435,23235,1,1
2436,23236,1,0
2437,23237,0,0
2438,23238,0,1
2439,23239,0,0
2440,23240,0,1
2441,23241,0,1
2442,23242,0,0
2443,23243,1,1
2444,23244,0,0
2445,23245,1,1
2446,23246,0,1
2447,23247,1,1
2448,23248,1,0
2449,23249,1,1
2450,23250,0,0
2451,23251,1,0
2452,23252,0,0
2453,23253,1,1
2454,23254,1,1
2455,23255,1,1
2456,23256,1,1
2457,23257,1,0
2458,23258,0,0
2459,23259,1,0
2460,23260,0,0
2461,23261,0,0
2462,23262,0,1
2463,23263,0,0
2464,23264,0,1
2465,23265,0,1
2466,23266,0,0
2467,23267,0,1
2468,23268,1,1
2469,23269,1,1
2470,23270,0,0
2471,23271,1,1
2472,23272,1,0
2473,23273,1,0
2474,23274,0,1
2475,23275,1,0
2476,23276,1,0
2477,23277,1,0
2478,23278,1,1
2479,23279,1,0
2480,23280,1,1
2481,23281,1,0
2482,23282,0,0
2483,23283,1,1
2484,23284,1,0
2485,23285,0,0
2486,23286,1,0
2487,23287,1,0
2488,23288,0,0
2489,23289,0,1
2490,23290,1,1
2491,23291,0,1
2492,23292,0,0
2493,23293,0,1
2494,23294,0,0
2495,23295,0,0
2496,23296,0,1
2497,23297,0,0
2498,23298,1,0
2499,23299,0,1
2500,23300,0,0
2501,23301,1,1
2502,23302,1,1
2503,23303,1,0
2504,23304,1,1
2505,23305,0,1
2506,23306,1,1
2507,23307,0,1
2508,23308,0,1
2509,23309,0,0
2510,23310,1,0
2511,23311,1,0
2512,23312,1,1
2513,23313,1,1
2514,23314,1,0
2515,23315,0,0
2516,23316,1,0
2517,23317,0,0
2518,23318,1,1
2519,23319,0,0
2520,23320,1,1
2521,23321,1,0
2522,23322,0,0
2523,23323,1,1
2524,23324,1,1
2525,23325,1,0
2526,23326,1,0
2527,23327,1,1
2528,23328,1,1
2529,23329,1,1
2530,23330,0,0
2531,23331,0,1
2532,23332,1,0
2533,23333,0,0
2534,23334,1,1
2535,23335,1,1
2536,23336,0,0
2537,23337,0,0
2538,23338,1,1
2539,23339,1,0
2540,23340,1,0
2541,23341,1,0
2542,23342,1,0
2543,23343,1,1
2544,23344,1,1
2545,23345,1,1
2546,23346,0,0
2547,23347,1,1
2548,23348,0,0
2549,23349,0,0
2550,23350,1,0
2551,23351,0,1
2552,23352,0,0
2553,23353,1,0
2554,23354,1,1
2555,23355,1,0
2556,23356,1,1
2557,23357,1,1
2558,23358,1,0
2559,23359,0,1
2560,23360,1,0
2561,23361,1,0
2562,23362,1,1
2563,23363,1,1
2564,23364,0,0
2565,23365,0,0
2566,23366,1,1
2567,23367,1,1
2568,23368,1,1
2569,23369,0,1
2570,23370,1,0
2571,23371,0,0
2572,23372,1,0
2573,23373,1,1
2574,23374,0,1
2575,23375,1,1
2576,23376,0,1
2577,23377,1,0
2578,23378,1,0
2579,23379,0,1
2580,23380,1,1
2581,23381,0,0
2582,23382,0,0
2583,23383,1,1
2584,23384,1,1
2585,23385,1,1
2586,23386,0,1
2587,23387,0,0
2588,23388,0,1
2589,23389,0,0
2590,23390,1,1
2591,23391,1,1
2592,23392,1,0
2593,23393,1,1
2594,23394,1,0
2595,23395,1,0
2596,23396,1,0
2597,23397,1,1
2598,23398,1,1
2599,23399,0,1
2600,23400,0,1
2601,23401,0,0
2602,23402,1,1
2603,23403,1,1
2604,23404,1,0
2605,23405,0,0
2606,23406,0,0
2607,23407,0,0
2608,23408,1,0
2609,23409,1,1
2610,23410,1,1
2611,23411,1,1
2612,23412,0,0
2613,23413,0,0
2614,23414,0,0
2615,23415,1,1
2616,23416,1,0
2617,23417,0,0
2618,23418,1,1
2619,23419,0,0
2620,23420,1,0
2621,23421,1,0
2622,23422,1,1
2623,23423,1,1
2624,23424,1,1
2625,23425,0,1
2626,23426,1,1
2627,23427,1,0
2628,23428,1,1
2629,23429,0,1
2630,23430,0,0
2631,23431,1,0
2632,23432,0,1
2633,23433,0,1
2634,23434,1,1
2635,23435,1,0
2636,23436,0,1
2637,23437,1,1
2638,23438,0,0
2639,23439,0,0
2640,23440,1,0
2641,23441,0,0
2642,23442,1,1
2643,23443,1,1
2644,23444,0,0
2645,23445,1,1
2646,23446,1,1
2647,23447,1,1
2648,23448,0,0
2649,23449,0,0
2650,23450,1,1
2651,23451,0,0
2652,23452,1,1
2653,23453,0,1
2654,23454,0,1
2655,23455,1,0
2656,23456,1,1
2657,23457,1,1
2658,23458,1,0
2659,23459,1,1
2660,23460,1,1
2661,23461,1,0
2662,23462,1,0
2663,23463,1,1
2664,23464,1,1
2665,23465,1,0
2666,23466,0,0
2667,23467,1,1
2668,23468,0,1
2669,23469,0,0
2670,23470,0,0
2671,23471,1,1
2672,23472,0,0
2673,23473,1,0
2674,23474,0,0
2675,23475,1,0
2676,23476,1,1
2677,23477,1,1
2678,23478,0,1
2679,23479,0,0
2680,23480,1,0
2681,23481,0,1
2682,23482,1,1
2683,23483,0,0
2684,23484,0,0
2685,23485,1,1
2686,23486,0,0
2687,23487,1,1
2688,23488,1,1
2689,23489,1,1
2690,23490,0,0
2691,23491,0,0
2692,23492,1,1
2693,23493,0,0
2694,23494,1,1
2695,23495,1,1
2696,23496,0,0
2697,23497,0,0
2698,23498,1,1
2699,23499,1,0
2700,23500,0,1
2701,23501,1,0
2702,23502,1,0
2703,23503,1,1
2704,23504,0,1
2705,23505,1,1
2706,23506,1,1
2707,23507,1,1
2708,23508,0,0
2709,23509,0,1
2710,23510,0,0
2711,23511,1,1
2712,23512,0,0
2713,23513,0,1
2714,23514,1,0
2715,23515,0,0
2716,23516,0,0
2717,23517,1,1
2718,23518,0,0
2719,23519,0,0
2720,23520,1,0
2721,23521,0,1
2722,23522,1,1
2723,23523,1,1
2724,23524,1,1
2725,23525,1,0
2726,23526,1,0
2727,23527,0,0
2728,23528,1,1
2729,23529,0,1
2730,23530,0,0
2731,23531,1,1
2732,23532,0,0
2733,23533,1,1
2734,23534,1,0
2735,23535,1,0
2736,23536,0,1
2737,23537,0,1
2738,23538,1,0
2739,23539,0,0
2740,23540,1,0
2741,23541,1,0
2742,23542,0,0
2743,23543,0,0
2744,23544,0,0
2745,23545,0,1
2746,23546,1,0
2747,23547,0,1
2748,23548,1,0
2749,23549,1,1
2750,23550,1,1
2751,23551,1,1
2752,23552,1,1
2753,23553,1,1
2754,23554,0,0
2755,23555,1,0
2756,23556,0,0
2757,23557,1,1
2758,23558,1,1
2759,23559,1,1
2760,23560,1,0
2761,23561,0,0
2762,23562,0,0
2763,23563,0,0
2764,23564,1,0
2765,23565,0,1
2766,23566,1,0
2767,23567,0,0
2768,23568,1,1
2769,23569,0,1
2770,23570,0,0
2771,23571,0,0
2772,23572,1,1
2773,23573,1,1
2774,23574,0,1
2775,23575,0,1
2776,23576,0,1
2777,23577,0,0
2778,23578,0,0
2779,23579,0,1
2780,23580,1,0
2781,23581,1,0
2782,23582,1,1
2783,23583,0,0
2784,23584,1,1
2785,23585,1,0
2786,23586,1,1
2787,23587,0,0
2788,23588,1,1
2789,23589,0,1
2790,23590,0,0
2791,23591,1,1
2792,23592,0,0
2793,23593,1,0
2794,23594,1,1
2795,23595,1,1
2796,23596,0,0
2797,23597,0,0
2798,23598,0,0
2799,23599,1,1
2800,23600,0,1
2801,23601,0,1
2802,23602,1,0
2803,23603,0,0
2804,23604,0,1
2805,23605,0,0
2806,23606,1,0
2807,23607,0,0
2808,23608,0,0
2809,23609,1,0
2810,23610,1,1
2811,23611,1,0
2812,23612,1,0
2813,23613,1,0
2814,23614,1,1
2815,23615,0,1
2816,23616,1,0
2817,23617,1,1
2818,23618,0,0
2819,23619,0,1
2820,23620,1,1
2821,23621,1,1
2822,23622,1,0
2823,23623,1,0
2824,23624,1,0
2825,23625,0,1
2826,23626,0,0
2827,23627,1,1
2828,23628,0,0
2829,23629,1,1
2830,23630,0,0
2831,23631,0,1
2832,23632,0,0
2833,23633,1,0
2834,23634,0,0
2835,23635,1,1
2836,23636,0,0
2837,23637,0,0
2838,23638,1,0
2839,23639,0,0
2840,23640,0,1
2841,23641,0,0
2842,23642,1,0
2843,23643,1,0
2844,23644,1,0
2845,23645,1,1
2846,23646,1,1
2847,23647,0,0
2848,23648,0,1
2849,23649,1,1
2850,23650,1,0
2851,23651,0,0
2852,23652,0,0
2853,23653,1,1
2854,23654,1,1
2855,23655,0,0
2856,23656,1,0
2857,23657,1,0
2858,23658,0,0
2859,23659,0,0
2860,23660,0,1
2861,23661,0,1
2862,23662,0,1
2863,23663,1,0
2864,23664,0,0
2865,23665,0,0
2866,23666,0,0
2867,23667,0,1
2868,23668,0,0
2869,23669,1,0
2870,23670,0,1
2871,23671,1,1
2872,23672,0,0
2873,23673,1,0
2874,23674,1,0
2875,23675,1,1
2876,23676,1,1
2877,23677,1,1
2878,23678,1,1
2879,23679,1,0
2880,23680,0,1
2881,23681,0,0
2882,23682,1,0
2883,23683,0,0
2884,23684,0,1
2885,23685,0,0
2886,23686,1,1
2887,23687,1,0
2888,23688,1,1
2889,23689,1,1
2890,23690,0,0
2891,23691,0,0
2892,23692,1,1
2893,23693,0,0
2894,23694,0,0
2895,23695,0,0
2896,23696,1,0
2897,23697,0,0
2898,23698,0,0
2899,23699,0,0
2900,23700,1,1
2901,23701,1,0
2902,23702,1,1
2903,23703,1,0
2904,23704,0,1
2905,23705,0,1
2906,23706,0,1
2907,23707,1,1
2908,23708,0,0
2909,23709,1,1
2910,23710,0,1
2911,23711,1,1
2912,23712,1,0
2913,23713,0,1
2914,23714,0,1
2915,23715,0,0
2916,23716,1,1
2917,23717,0,1
2918,23718,1,1
2919,23719,1,1
2920,23720,1,0
2921,23721,0,1
2922,23722,0,1
2923,23723,1,0
2924,23724,1,1
2925,23725,0,0
2926,23726,1,0
2927,23727,1,1
2928,23728,1,1
2929,23729,1,1
2930,23730,0,0
2931,23731,0,0
2932,23732,0,0
2933,23733,1,1
2934,23734,1,0
2935,23735,1,1
2936,23736,1,1
2937,23737,1,0
2938,23738,1,1
2939,23739,1,0
2940,23740,0,0
2941,23741,1,1
2942,23742,1,1
2943,23743,0,1
2944,23744,0,1
2945,23745,1,1
2946,23746,1,0
2947,23747,1,1
2948,23748,0,0
2949,23749,1,0
2950,23750,0,1
2951,23751,1,1
2952,23752,0,1
2953,23753,1,0
2954,23754,1,1
2955,23755,0,0
2956,23756,0,0
2957,23757,0,1
2958,23758,1,1
2959,23759,1,0
2960,23760,0,0
2961,23761,1,1
2962,23762,0,0
2963,23763,1,0
2964,23764,0,1
2965,23765,1,1
2966,23766,1,1
2967,23767,0,0
2968,23768,0,0
2969,23769,1,0
2970,23770,1,0
2971,23771,1,0
2972,23772,0,0
2973,23773,1,0
2974,23774,1,1
2975,23775,0,0
2976,23776,0,0
2977,23777,0,0
2978,23778,1,1
2979,23779,0,0
2980,23780,0,0
2981,23781,1,1
2982,23782,0,1
2983,23783,0,1
2984,23784,1,1
2985,23785,1,0
2986,23786,1,0
2987,23787,1,1
2988,23788,0,0
2989,23789,1,1
2990,23790,0,0
2991,23791,1,1
2992,23792,0,0
2993,23793,0,1
2994,23794,0,0
2995,23795,1,0
2996,23796,1,0
2997,23797,0,0
2998,23798,1,1
2999,23799,0,0
3000,23800,0,0
3001,23801,1,0
3002,23802,1,1
3003,23803,0,0
3004,23804,1,0
3005,23805,0,1
3006,23806,1,1
3007,23807,1,1
3008,23808,0,0
3009,23809,0,0
3010,23810,1,0
3011,23811,0,0
3012,23812,1,0
3013,23813,1,0
3014,23814,1,0
3015,23815,1,0
3016,23816,0,1
3017,23817,1,1
3018,23818,1,1
3019,23819,0,1
3020,23820,1,1
3021,23821,1,1
3022,23822,0,1
3023,23823,1,0
3024,23824,1,0
3025,23825,1,1
3026,23826,0,1
3027,23827,0,1
3028,23828,1,1
3029,23829,1,1
3030,23830,1,1
3031,23831,1,1
3032,23832,1,0
3033,23833,1,0
3034,23834,1,1
3035,23835,1,0
3036,23836,1,1
3037,23837,1,1
3038,23838,1,0
3039,23839,1,0
3040,23840,1,1
3041,23841,1,1
3042,23842,0,1
3043,23843,1,1
3044,23844,1,1
3045,23845,1,0
3046,23846,0,0
3047,23847,1,1
3048,23848,1,0
3049,23849,1,1
3050,23850,0,0
3051,23851,1,0
3052,23852,1,0
3053,23853,0,0
3054,23854,1,0
3055,23855,0,1
3056,23856,0,0
3057,23857,1,0
3058,23858,0,0
3059,23859,1,1
3060,23860,0,0
3061,23861,1,0
3062,23862,1,1
3063,23863,0,1
3064,23864,0,0
3065,23865,1,1
3066,23866,1,1
3067,23867,1,0
3068,23868,1,1
3069,23869,1,0
3070,23870,1,1
3071,23871,0,0
3072,23872,1,1
3073,23873,0,1
3074,23874,0,0
3075,23875,0,0
3076,23876,0,0
3077,23877,1,0
3078,23878,0,0
3079,23879,0,0
3080,23880,0,0
3081,23881,0,0
3082,23882,1,1
3083,23883,0,0
3084,23884,1,0
3085,23885,0,1
3086,23886,0,0
3087,23887,1,0
3088,23888,1,0
3089,23889,0,1
3090,23890,1,1
3091,23891,0,0
3092,23892,1,1
3093,23893,1,1
3094,23894,0,1
3095,23895,1,1
3096,23896,1,0
3097,23897,0,1
3098,23898,0,0
3099,23899,0,0
3100,23900,0,0
3101,23901,0,0
3102,23902,0,0
3103,23903,0,1
3104,23904,0,0
3105,23905,0,0
3106,23906,0,1
3107,23907,1,1
3108,23908,1,1
3109,23909,1,1
3110,23910,0,0
3111,23911,0,0
3112,23912,1,1
3113,23913,0,1
3114,23914,1,0
3115,23915,0,1
3116,23916,0,0
3117,23917,1,0
3118,23918,0,0
3119,23919,1,1
3120,23920,0,0
3121,23921,0,1
3122,23922,0,0
3123,23923,1,1
3124,23924,0,0
3125,23925,1,1
3126,23926,1,1
3127,23927,1,1
3128,23928,1,1
3129,23929,0,1
3130,23930,0,1
3131,23931,0,0
3132,23932,0,0
3133,23933,1,1
3134,23934,1,0
3135,23935,0,0
3136,23936,0,1
3137,23937,1,1
3138,23938,0,0
3139,23939,0,1
3140,23940,0,0
3141,23941,0,0
3142,23942,1,0
3143,23943,0,0
3144,23944,0,0
3145,23945,1,1
3146,23946,1,1
3147,23947,0,1
3148,23948,1,1
3149,23949,0,0
3150,23950,0,0
3151,23951,1,0
3152,23952,1,1
3153,23953,1,0
3154,23954,1,1
3155,23955,1,1
3156,23956,1,0
3157,23957,1,0
3158,23958,0,1
3159,23959,0,1
3160,23960,1,1
3161,23961,0,1
3162,23962,0,1
3163,23963,1,1
3164,23964,0,0
3165,23965,1,0
3166,23966,0,0
3167,23967,0,1
3168,23968,0,1
3169,23969,0,0
3170,23970,1,1
3171,23971,1,1
3172,23972,1,1
3173,23973,0,0
3174,23974,1,1
3175,23975,0,0
3176,23976,0,0
3177,23977,1,1
3178,23978,0,1
3179,23979,1,0
3180,23980,0,0
3181,23981,0,0
3182,23982,0,1
3183,23983,1,0
3184,23984,1,0
3185,23985,1,0
3186,23986,1,1
3187,23987,1,1
3188,23988,0,1
3189,23989,0,0
3190,23990,0,0
3191,23991,1,0
3192,23992,0,0
3193,23993,1,1
3194,23994,0,0
3195,23995,0,1
3196,23996,1,1
3197,23997,0,0
3198,23998,1,0
3199,23999,0,0
3200,24000,1,0
3201,24001,1,0
3202,24002,0,0
3203,24003,1,0
3204,24004,1,0
3205,24005,0,0
3206,24006,1,0
3207,24007,1,0
3208,24008,1,0
3209,24009,1,1
3210,24010,1,0
3211,24011,0,1
3212,24012,0,0
3213,24013,0,1
3214,24014,0,0
3215,24015,0,1
3216,24016,1,1
3217,24017,1,1
3218,24018,0,0
3219,24019,1,0
3220,24020,0,0
3221,24021,1,1
3222,24022,1,1
3223,24023,1,1
3224,24024,0,0
3225,24025,1,0
3226,24026,1,0
3227,24027,1,1
3228,24028,1,1
3229,24029,0,0
3230,24030,1,0
3231,24031,1,0
3232,24032,0,1
3233,24033,1,1
3234,24034,0,0
3235,24035,1,0
3236,24036,1,0
3237,24037,0,0
3238,24038,0,0
3239,24039,0,0
3240,24040,1,1
3241,24041,1,1
3242,24042,0,1
3243,24043,1,0
3244,24044,1,0
3245,24045,1,0
3246,24046,0,0
3247,24047,1,0
3248,24048,0,1
3249,24049,1,0
3250,24050,0,1
3251,24051,1,1
3252,24052,1,1
3253,24053,0,0
3254,24054,1,0
3255,24055,1,1
3256,24056,0,0
3257,24057,0,0
3258,24058,0,0
3259,24059,1,0
3260,24060,0,1
3261,24061,1,1
3262,24062,1,1
3263,24063,1,0
3264,24064,0,1
3265,24065,0,0
3266,24066,0,0
3267,24067,1,0
3268,24068,0,0
3269,24069,1,1
3270,24070,0,1
3271,24071,1,0
3272,24072,0,0
3273,24073,1,0
3274,24074,0,0
3275,24075,1,0
3276,24076,0,0
3277,24077,1,1
3278,24078,1,1
3279,24079,1,1
3280,24080,1,0
3281,24081,0,0
3282,24082,1,1
3283,24083,1,1
3284,24084,1,0
3285,24085,0,1
3286,24086,1,1
3287,24087,0,0
3288,24088,1,0
3289,24089,0,0
3290,24090,1,1
3291,24091,1,1
3292,24092,0,0
3293,24093,0,0
3294,24094,1,1
3295,24095,1,1
3296,24096,1,1
3297,24097,0,0
3298,24098,1,1
3299,24099,0,0
3300,24100,1,0
3301,24101,1,1
3302,24102,1,1
3303,24103,0,0
3304,24104,0,0
3305,24105,0,0
3306,24106,1,1
3307,24107,0,0
3308,24108,0,0
3309,24109,0,1
3310,24110,1,0
3311,24111,0,1
3312,24112,1,1
3313,24113,0,0
3314,24114,1,1
3315,24115,1,1
3316,24116,0,0
3317,24117,1,1
3318,24118,0,0
3319,24119,1,1
3320,24120,0,0
3321,24121,1,0
3322,24122,0,0
3323,24123,0,1
3324,24124,0,1
3325,24125,1,0
3326,24126,1,1
3327,24127,1,0
3328,24128,1,1
3329,24129,1,1
3330,24130,1,0
3331,24131,1,1
3332,24132,1,1
3333,24133,1,0
3334,24134,1,0
3335,24135,0,1
3336,24136,1,0
3337,24137,1,0
3338,24138,1,1
3339,24139,0,0
3340,24140,0,1
3341,24141,1,0
3342,24142,1,1
3343,24143,0,1
3344,24144,0,0
3345,24145,0,0
3346,24146,1,1
3347,24147,0,0
3348,24148,1,0
3349,24149,1,1
3350,24150,1,1
3351,24151,0,1
3352,24152,1,1
3353,24153,1,0
3354,24154,0,1
3355,24155,0,0
3356,24156,0,0
3357,24157,1,1
3358,24158,0,1
3359,24159,1,1
3360,24160,1,1
3361,24161,1,1
3362,24162,0,0
3363,24163,1,0
3364,24164,1,0
3365,24165,0,0
3366,24166,1,0
3367,24167,0,1
3368,24168,1,1
3369,24169,1,0
3370,24170,1,1
3371,24171,1,1
3372,24172,0,0
3373,24173,0,0
3374,24174,1,1
3375,24175,0,1
3376,24176,0,0
3377,24177,0,1
3378,24178,1,0
3379,24179,0,0
3380,24180,1,0
3381,24181,1,0
3382,24182,1,1
3383,24183,0,1
3384,24184,1,0
3385,24185,1,1
3386,24186,1,1
3387,24187,0,1
3388,24188,1,0
3389,24189,1,1
3390,24190,1,1
3391,24191,1,1
3392,24192,0,0
3393,24193,1,0
3394,24194,0,0
3395,24195,0,0
3396,24196,0,1
3397,24197,0,0
3398,24198,1,0
3399,24199,0,0
3400,24200,1,1
3401,24201,0,0
3402,24202,0,0
3403,24203,1,0
3404,24204,1,0
3405,24205,1,0
3406,24206,0,0
3407,24207,1,0
3408,24208,0,0
3409,24209,1,0
3410,24210,0,1
3411,24211,1,0
3412,24212,0,1
3413,24213,1,0
3414,24214,0,1
3415,24215,0,0
3416,24216,0,1
3417,24217,0,1
3418,24218,1,1
3419,24219,0,0
3420,24220,0,1
3421,24221,1,1
3422,24222,0,0
3423,24223,0,0
3424,24224,1,0
3425,24225,0,0
3426,24226,1,0
3427,24227,0,0
3428,24228,1,0
3429,24229,0,1
3430,24230,0,1
3431,24231,1,1
3432,24232,1,1
3433,24233,0,0
3434,24234,1,0
3435,24235,1,0
3436,24236,0,0
3437,24237,0,0
3438,24238,0,0
3439,24239,0,0
3440,24240,1,1
3441,24241,1,0
3442,24242,1,1
3443,24243,1,1
3444,24244,1,1
3445,24245,1,0
3446,24246,0,0
3447,24247,0,0
3448,24248,1,1
3449,24249,1,0
3450,24250,0,0
3451,24251,1,1
3452,24252,1,0
3453,24253,1,1
3454,24254,0,0
3455,24255,0,0
3456,24256,1,1
3457,24257,1,1
3458,24258,1,0
3459,24259,0,1
3460,24260,0,1
3461,24261,0,1
3462,24262,1,1
3463,24263,1,1
3464,24264,0,1
3465,24265,0,0
3466,24266,0,0
3467,24267,1,1
3468,24268,0,0
3469,24269,0,0
3470,24270,1,1
3471,24271,1,1
3472,24272,1,1
3473,24273,0,1
3474,24274,1,0
3475,24275,1,0
3476,24276,1,1
3477,24277,1,0
3478,24278,0,1
3479,24279,1,1
3480,24280,1,0
3481,24281,0,0
3482,24282,0,0
3483,24283,1,1
3484,24284,1,1
3485,24285,1,0
3486,24286,1,1
3487,24287,0,0
3488,24288,1,0
3489,24289,1,1
3490,24290,1,1
3491,24291,0,0
3492,24292,0,0
3493,24293,1,1
3494,24294,0,0
3495,24295,1,1
3496,24296,1,1
3497,24297,1,0
3498,24298,1,0
3499,24299,1,0
3500,24300,1,0
3501,24301,1,1
3502,24302,0,0
3503,24303,0,0
3504,24304,0,0
3505,24305,0,0
3506,24306,0,0
3507,24307,1,1
3508,24308,1,1
3509,24309,0,0
3510,24310,0,0
3511,24311,0,0
3512,24312,0,1
3513,24313,1,0
3514,24314,0,0
3515,24315,1,1
3516,24316,1,0
3517,24317,0,0
3518,24318,1,1
3519,24319,1,1
3520,24320,1,1
3521,24321,0,1
3522,24322,1,1
3523,24323,1,0
3524,24324,0,0
3525,24325,1,1
3526,24326,1,1
3527,24327,0,0
3528,24328,1,0
3529,24329,1,1
3530,24330,1,1
3531,24331,1,1
3532,24332,1,1
3533,24333,1,1
3534,24334,1,0
3535,24335,0,0
3536,24336,1,0
3537,24337,1,0
3538,24338,0,1
3539,24339,1,1
3540,24340,0,0
3541,24341,1,1
3542,24342,0,0
3543,24343,0,0
3544,24344,1,1
3545,24345,1,1
3546,24346,1,0
3547,24347,0,0
3548,24348,0,0
3549,24349,0,0
3550,24350,1,1
3551,24351,0,0
3552,24352,1,0
3553,24353,0,0
3554,24354,0,0
3555,24355,1,0
3556,24356,1,1
3557,24357,0,0
3558,24358,0,0
3559,24359,1,1
3560,24360,0,0
3561,24361,0,1
3562,24362,1,1
3563,24363,1,1
3564,24364,1,1
3565,24365,1,0
3566,24366,0,1
3567,24367,0,0
3568,24368,1,0
3569,24369,1,1
3570,24370,0,0
3571,24371,0,0
3572,24372,1,1
3573,24373,0,1
3574,24374,0,0
3575,24375,0,0
3576,24376,0,1
3577,24377,0,0
3578,24378,0,1
3579,24379,1,0
3580,24380,1,0
3581,24381,1,1
3582,24382,0,0
3583,24383,0,0
3584,24384,0,1
3585,24385,0,0
3586,24386,1,0
3587,24387,1,0
3588,24388,0,0
3589,24389,1,0
3590,24390,0,0
3591,24391,1,1
3592,24392,0,0
3593,24393,0,0
3594,24394,0,0
3595,24395,0,0
3596,24396,1,1
3597,24397,0,1
3598,24398,1,0
3599,24399,0,0
3600,24400,1,1
3601,24401,1,0
3602,24402,1,0
3603,24403,0,0
3604,24404,1,1
3605,24405,0,0
3606,24406,1,0
3607,24407,1,1
3608,24408,1,1
3609,24409,0,1
3610,24410,1,0
3611,24411,0,0
3612,24412,0,1
3613,24413,1,1
3614,24414,0,1
3615,24415,1,1
3616,24416,0,0
3617,24417,1,1
3618,24418,1,1
3619,24419,1,1
3620,24420,0,1
3621,24421,0,0
3622,24422,0,0
3623,24423,1,1
3624,24424,1,1
3625,24425,1,1
3626,24426,1,1
3627,24427,1,1
3628,24428,1,1
3629,24429,0,1
3630,24430,0,0
3631,24431,0,1
3632,24432,1,1
3633,24433,0,0
3634,24434,1,0
3635,24435,1,1
3636,24436,0,1
3637,24437,0,0
3638,24438,0,1
3639,24439,0,0
3640,24440,0,0
3641,24441,1,0
3642,24442,0,0
3643,24443,0,0
3644,24444,1,1
3645,24445,1,0
3646,24446,0,0
3647,24447,1,0
3648,24448,1,1
3649,24449,1,0
3650,24450,1,0
3651,24451,0,1
3652,24452,0,0
3653,24453,1,1
3654,24454,0,1
3655,24455,0,0
3656,24456,1,1
3657,24457,0,0
3658,24458,1,0
3659,24459,0,0
3660,24460,0,1
3661,24461,1,0
3662,24462,1,1
3663,24463,0,1
3664,24464,0,0
3665,24465,1,1
3666,24466,1,1
3667,24467,0,1
3668,24468,0,0
3669,24469,0,0
3670,24470,0,0
3671,24471,1,0
3672,24472,0,0
3673,24473,0,0
3674,24474,0,0
3675,24475,1,0
3676,24476,0,0
3677,24477,0,1
3678,24478,1,1
3679,24479,1,0
3680,24480,0,0
3681,24481,1,0
3682,24482,0,0
3683,24483,1,1
3684,24484,1,1
3685,24485,0,1
3686,24486,0,1
3687,24487,1,1
3688,24488,0,0
3689,24489,1,0
3690,24490,0,1
3691,24491,1,1
3692,24492,0,0
3693,24493,0,0
3694,24494,0,0
3695,24495,1,1
3696,24496,1,1
3697,24497,0,0
3698,24498,0,0
3699,24499,1,0
3700,24500,1,0
3701,24501,1,1
3702,24502,0,0
3703,24503,0,1
3704,24504,0,1
3705,24505,0,1
3706,24506,0,1
3707,24507,0,0
3708,24508,1,1
3709,24509,0,0
3710,24510,1,1
3711,24511,1,0
3712,24512,0,1
3713,24513,1,1
3714,24514,1,1
3715,24515,1,1
3716,24516,1,1
3717,24517,0,0
3718,24518,1,1
3719,24519,1,0
3720,24520,1,1
3721,24521,1,1
3722,24522,0,0
3723,24523,0,1
3724,24524,1,1
3725,24525,0,0
3726,24526,1,0
3727,24527,1,1
3728,24528,1,0
3729,24529,0,0
3730,24530,0,0
3731,24531,0,1
3732,24532,1,1
3733,24533,1,1
3734,24534,1,1
3735,24535,1,1
3736,24536,0,0
3737,24537,0,1
3738,24538,1,1
3739,24539,0,0
3740,24540,0,0
3741,24541,1,0
3742,24542,1,1
3743,24543,0,0
3744,24544,1,0
3745,24545,0,0
3746,24546,1,1
3747,24547,0,0
3748,24548,0,0
3749,24549,1,1
3750,24550,1,0
3751,24551,1,1
3752,24552,1,1
3753,24553,0,0
3754,24554,1,0
3755,24555,0,0
3756,24556,1,1
3757,24557,1,1
3758,24558,0,0
3759,24559,1,1
3760,24560,0,1
3761,24561,1,1
3762,24562,1,1
3763,24563,0,1
3764,24564,1,0
3765,24565,1,0
3766,24566,1,1
3767,24567,0,1
3768,24568,0,0
3769,24569,1,0
3770,24570,1,0
3771,24571,1,0
3772,24572,1,0
3773,24573,1,1
3774,24574,0,0
3775,24575,1,0
3776,24576,0,1
3777,24577,1,0
3778,24578,1,1
3779,24579,1,1
3780,24580,1,0
3781,24581,1,1
3782,24582,1,0
3783,24583,1,1
3784,24584,1,1
3785,24585,1,1
3786,24586,1,0
3787,24587,1,0
3788,24588,1,0
3789,24589,0,1
3790,24590,1,0
3791,24591,1,1
3792,24592,1,0
3793,24593,0,1
3794,24594,1,0
3795,24595,1,1
3796,24596,1,1
3797,24597,0,0
3798,24598,1,1
3799,24599,0,0
3800,24600,1,0
3801,24601,1,0
3802,24602,0,1
3803,24603,0,0
3804,24604,0,0
3805,24605,1,0
3806,24606,1,1
3807,24607,1,1
3808,24608,1,0
3809,24609,1,1
3810,24610,0,1
3811,24611,1,1
3812,24612,0,1
3813,24613,1,1
3814,24614,0,1
3815,24615,0,1
3816,24616,1,0
3817,24617,0,0
3818,24618,1,0
3819,24619,1,1
3820,24620,0,0
3821,24621,0,0
3822,24622,0,0
3823,24623,1,0
3824,24624,0,0
3825,24625,1,1
3826,24626,0,1
3827,24627,0,0
3828,24628,0,0
3829,24629,0,1
3830,24630,0,1
3831,24631,0,0
3832,24632,1,0
3833,24633,0,1
3834,24634,0,0
3835,24635,0,1
3836,24636,1,0
3837,24637,1,1
3838,24638,0,0
3839,24639,0,0
3840,24640,1,1
3841,24641,0,1
3842,24642,1,1
3843,24643,1,1
3844,24644,1,1
3845,24645,1,1
3846,24646,1,1
3847,24647,0,1
3848,24648,0,1
3849,24649,1,0
3850,24650,1,0
3851,24651,0,0
3852,24652,1,1
3853,24653,1,1
3854,24654,1,1
3855,24655,1,1
3856,24656,0,1
3857,24657,1,1
3858,24658,1,1
3859,24659,1,0
3860,24660,0,0
3861,24661,1,0
3862,24662,1,1
3863,24663,1,1
3864,24664,1,0
3865,24665,0,1
3866,24666,0,1
3867,24667,1,0
3868,24668,1,1
3869,24669,0,0
3870,24670,1,0
3871,24671,0,0
3872,24672,1,1
3873,24673,0,1
3874,24674,0,0
3875,24675,0,0
3876,24676,0,0
3877,24677,1,0
3878,24678,0,0
3879,24679,1,0
3880,24680,1,1
3881,24681,0,0
3882,24682,0,1
3883,24683,0,0
3884,24684,0,1
3885,24685,0,0
3886,24686,0,1
3887,24687,0,0
3888,24688,1,1
3889,24689,0,0
3890,24690,0,0
3891,24691,0,1
3892,24692,0,0
3893,24693,1,0
3894,24694,0,1
3895,24695,1,1
3896,24696,0,1
3897,24697,1,1
3898,24698,0,0
3899,24699,0,1
3900,24700,1,0
3901,24701,0,0
3902,24702,1,1
3903,24703,0,1
3904,24704,0,0
3905,24705,0,0
3906,24706,0,0
3907,24707,1,0
3908,24708,1,1
3909,24709,0,0
3910,24710,1,1
3911,24711,1,1
3912,24712,1,0
3913,24713,1,0
3914,24714,1,0
3915,24715,1,1
3916,24716,1,0
3917,24717,1,0
3918,24718,0,1
3919,24719,0,1
3920,24720,0,0
3921,24721,1,0
3922,24722,0,0
3923,24723,1,0
3924,24724,1,0
3925,24725,1,0
3926,24726,0,1
3927,24727,0,0
3928,24728,1,1
3929,24729,0,1
3930,24730,0,0
3931,24731,1,0
3932,24732,1,1
3933,24733,1,0
3934,24734,1,0
3935,24735,1,1
3936,24736,1,1
3937,24737,0,1
3938,24738,1,1
3939,24739,0,0
3940,24740,0,0
3941,24741,1,0
3942,24742,1,1
3943,24743,1,1
3944,24744,0,0
3945,24745,1,1
3946,24746,1,1
3947,24747,1,1
3948,24748,1,1
3949,24749,1,0
3950,24750,1,0
3951,24751,0,0
3952,24752,1,0
3953,24753,0,0
3954,24754,0,1
3955,24755,0,0
3956,24756,1,1
3957,24757,0,1
3958,24758,1,1
3959,24759,1,1
3960,24760,1,0
3961,24761,1,1
3962,24762,0,0
3963,24763,0,1
3964,24764,1,0
3965,24765,0,0
3966,24766,0,0
3967,24767,0,0
3968,24768,0,1
3969,24769,1,0
3970,24770,1,0
3971,24771,1,0
3972,24772,1,1
3973,24773,0,0
3974,24774,1,1
3975,24775,1,0
3976,24776,0,0
3977,24777,1,1
3978,24778,1,0
3979,24779,1,1
3980,24780,1,0
3981,24781,1,1
3982,24782,0,0
3983,24783,0,0
3984,24784,0,0
3985,24785,1,1
3986,24786,0,0
3987,24787,1,1
3988,24788,1,1
3989,24789,1,0
3990,24790,1,0
3991,24791,0,0
3992,24792,0,1
3993,24793,0,0
3994,24794,1,1
3995,24795,1,1
3996,24796,1,0
3997,24797,0,0
3998,24798,1,0
3999,24799,1,1
4000,24800,1,0
4001,24801,1,1
4002,24802,0,0
4003,24803,1,1
4004,24804,1,1
4005,24805,0,1
4006,24806,1,1
4007,24807,0,0
4008,24808,1,1
4009,24809,1,0
4010,24810,0,1
4011,24811,1,0
4012,24812,1,1
4013,24813,1,1
4014,24814,0,0
4015,24815,0,1
4016,24816,0,0
4017,24817,0,1
4018,24818,1,1
4019,24819,0,0
4020,24820,1,1
4021,24821,1,0
4022,24822,1,1
4023,24823,1,1
4024,24824,1,1
4025,24825,0,0
4026,24826,0,0
4027,24827,0,0
4028,24828,1,1
4029,24829,1,0
4030,24830,0,0
4031,24831,0,0
4032,24832,1,0
4033,24833,1,1
4034,24834,1,0
4035,24835,1,1
4036,24836,1,0
4037,24837,0,0
4038,24838,1,1
4039,24839,1,1
4040,24840,1,1
4041,24841,1,1
4042,24842,1,0
4043,24843,0,1
4044,24844,0,1
4045,24845,0,0
4046,24846,0,0
4047,24847,1,1
4048,24848,1,1
4049,24849,1,1
4050,24850,0,0
4051,24851,0,0
4052,24852,1,1
4053,24853,1,1
4054,24854,0,0
4055,24855,1,1
4056,24856,0,0
4057,24857,0,0
4058,24858,0,0
4059,24859,1,0
4060,24860,0,0
4061,24861,0,1
4062,24862,0,0
4063,24863,1,1
4064,24864,1,1
4065,24865,1,0
4066,24866,0,0
4067,24867,1,1
4068,24868,1,1
4069,24869,0,0
4070,24870,0,1
4071,24871,1,1
4072,24872,1,0
4073,24873,1,1
4074,24874,1,0
4075,24875,0,0
4076,24876,0,1
4077,24877,1,1
4078,24878,0,1
4079,24879,0,0
4080,24880,1,1
4081,24881,0,0
4082,24882,1,0
4083,24883,0,1
4084,24884,1,1
4085,24885,1,0
4086,24886,1,0
4087,24887,1,1
4088,24888,0,1
4089,24889,1,1
4090,24890,0,1
4091,24891,1,1
4092,24892,0,0
4093,24893,1,1
4094,24894,1,0
4095,24895,1,1
4096,24896,1,0
4097,24897,1,0
4098,24898,0,0
4099,24899,0,0
4100,24900,1,1
4101,24901,1,0
4102,24902,1,1
4103,24903,1,1
4104,24904,1,1
4105,24905,0,1
4106,24906,0,1
4107,24907,1,0
4108,24908,1,1
4109,24909,1,0
4110,24910,0,1
4111,24911,1,1
4112,24912,1,1
4113,24913,1,0
4114,24914,1,1
4115,24915,0,1
4116,24916,0,0
4117,24917,1,0
4118,24918,1,1
4119,24919,1,1
4120,24920,1,0
4121,24921,0,0
4122,24922,0,0
4123,24923,1,1
4124,24924,1,0
4125,24925,1,1
4126,24926,1,1
4127,24927,0,0
4128,24928,1,1
4129,24929,0,1
4130,24930,1,1
4131,24931,1,0
4132,24932,1,1
4133,24933,1,1
4134,24934,0,0
4135,24935,0,0
4136,24936,0,1
4137,24937,1,1
4138,24938,0,1
4139,24939,0,0
4140,24940,1,0
4141,24941,0,0
4142,24942,1,0
4143,24943,0,1
4144,24944,1,1
4145,24945,1,1
4146,24946,0,1
4147,24947,1,0
4148,24948,1,1
4149,24949,0,0
4150,24950,1,1
4151,24951,0,0
4152,24952,0,0
4153,24953,1,0
4154,24954,1,1
4155,24955,0,0
4156,24956,1,0
4157,24957,0,1
4158,24958,0,0
4159,24959,1,0
4160,24960,0,1
4161,24961,1,0
4162,24962,0,0
4163,24963,1,0
4164,24964,1,0
4165,24965,0,0
4166,24966,1,1
4167,24967,0,1
4168,24968,1,0
4169,24969,1,1
4170,24970,0,1
4171,24971,0,0
4172,24972,1,1
4173,24973,1,1
4174,24974,0,0
4175,24975,1,1
4176,24976,1,1
4177,24977,0,0
4178,24978,1,1
4179,24979,0,0
4180,24980,0,0
4181,24981,0,0
4182,24982,1,0
4183,24983,1,1
4184,24984,1,0
4185,24985,1,1
4186,24986,1,1
4187,24987,0,0
4188,24988,0,0
4189,24989,1,1
4190,24990,0,1
4191,24991,1,0
4192,24992,0,0
4193,24993,1,0
4194,24994,1,0
4195,24995,0,0
4196,24996,0,0
4197,24997,0,0
4198,24998,1,1
4199,24999,1,0
4200,25000,0,1
4201,25001,1,0
4202,25002,0,1
4203,25003,1,1
4204,25004,0,1
4205,25005,1,0
4206,25006,0,0
4207,25007,0,1
4208,25008,1,1
4209,25009,1,0
4210,25010,1,1
4211,25011,0,1
4212,25012,0,0
4213,25013,1,0
4214,25014,0,1
4215,25015,1,1
4216,25016,1,0
4217,25017,1,1
4218,25018,0,1
4219,25019,0,0
4220,25020,1,1
4221,25021,1,1
4222,25022,0,1
4223,25023,0,0
4224,25024,1,1
4225,25025,1,1
4226,25026,1,0
4227,25027,0,1
4228,25028,0,1
4229,25029,0,0
4230,25030,1,0
4231,25031,1,1
4232,25032,0,0
4233,25033,1,1
4234,25034,0,0
4235,25035,1,0
4236,25036,0,0
4237,25037,0,0
4238,25038,1,1
4239,25039,0,1
4240,25040,0,0
4241,25041,0,0
4242,25042,1,1
4243,25043,0,0
4244,25044,1,0
4245,25045,1,0
4246,25046,1,1
4247,25047,1,1
4248,25048,1,0
4249,25049,1,0
4250,25050,1,1
4251,25051,1,1
4252,25052,1,0
4253,25053,0,0
4254,25054,1,1
4255,25055,1,1
4256,25056,0,1
4257,25057,0,1
4258,25058,1,0
4259,25059,0,0
4260,25060,0,0
4261,25061,1,1
4262,25062,0,1
4263,25063,1,1
4264,25064,1,0
4265,25065,1,1
4266,25066,0,1
4267,25067,1,1
4268,25068,1,1
4269,25069,0,1
4270,25070,1,0
4271,25071,1,1
4272,25072,0,0
4273,25073,0,0
4274,25074,1,1
4275,25075,0,0
4276,25076,0,0
4277,25077,1,1
4278,25078,1,0
4279,25079,0,0
4280,25080,0,0
4281,25081,0,1
4282,25082,0,0
4283,25083,0,0
4284,25084,0,1
4285,25085,0,0
4286,25086,1,1
4287,25087,0,1
4288,25088,0,1
4289,25089,1,0
4290,25090,0,1
4291,25091,0,0
4292,25092,1,1
4293,25093,1,1
4294,25094,1,0
4295,25095,1,1
4296,25096,0,1
4297,25097,1,1
4298,25098,0,0
4299,25099,1,1
4300,25100,0,1
4301,25101,1,1
4302,25102,1,1
4303,25103,0,0
4304,25104,1,1
4305,25105,0,0
4306,25106,0,0
4307,25107,1,0
4308,25108,1,1
4309,25109,1,1
4310,25110,1,0
4311,25111,0,0
4312,25112,0,0
4313,25113,0,0
4314,25114,0,1
4315,25115,0,0
4316,25116,0,0
4317,25117,1,1
4318,25118,1,1
4319,25119,0,0
4320,25120,1,0
4321,25121,1,0
4322,25122,1,0
4323,25123,0,1
4324,25124,0,1
4325,25125,1,1
4326,25126,1,1
4327,25127,1,1
4328,25128,0,0
4329,25129,0,0
4330,25130,1,0
4331,25131,1,1
4332,25132,1,0
4333,25133,0,0
4334,25134,1,1
4335,25135,0,0
4336,25136,1,0
4337,25137,1,1
4338,25138,1,1
4339,25139,0,1
4340,25140,1,0
4341,25141,0,0
4342,25142,0,0
4343,25143,1,1
4344,25144,1,1
4345,25145,1,1
4346,25146,1,0
4347,25147,1,0
4348,25148,0,0
4349,25149,0,1
4350,25150,0,0
4351,25151,0,1
4352,25152,1,1
4353,25153,1,0
4354,25154,1,1
4355,25155,1,0
4356,25156,1,0
4357,25157,0,0
4358,25158,1,0
4359,25159,0,0
4360,25160,0,0
4361,25161,1,1
4362,25162,0,0
4363,25163,1,0
4364,25164,1,1
4365,25165,0,0
4366,25166,0,0
4367,25167,0,0
4368,25168,0,0
4369,25169,0,1
4370,25170,0,1
4371,25171,0,0
4372,25172,0,1
4373,25173,0,0
4374,25174,1,1
4375,25175,1,0
4376,25176,0,1
4377,25177,1,1
4378,25178,1,1
4379,25179,1,1
4380,25180,1,1
4381,25181,1,1
4382,25182,1,0
4383,25183,1,0
4384,25184,1,1
4385,25185,0,0
4386,25186,0,1
4387,25187,1,0
4388,25188,0,1
4389,25189,0,0
4390,25190,0,0
4391,25191,1,1
4392,25192,1,1
4393,25193,1,1
4394,25194,1,1
4395,25195,0,1
4396,25196,0,0
4397,25197,0,1
4398,25198,1,1
4399,25199,0,1
4400,25200,1,0
4401,25201,1,1
4402,25202,1,1
4403,25203,0,0
4404,25204,1,0
4405,25205,0,1
4406,25206,0,0
4407,25207,0,0
4408,25208,1,0
4409,25209,0,0
4410,25210,0,0
4411,25211,0,0
4412,25212,0,1
4413,25213,1,1
4414,25214,1,1
4415,25215,1,0
4416,25216,0,0
4417,25217,1,1
4418,25218,1,1
4419,25219,0,0
4420,25220,1,0
4421,25221,1,1
4422,25222,1,1
4423,25223,1,1
4424,25224,0,1
4425,25225,1,0
4426,25226,1,1
4427,25227,1,0
4428,25228,1,0
4429,25229,1,1
4430,25230,1,0
4431,25231,1,0
4432,25232,1,0
4433,25233,1,0
4434,25234,1,1
4435,25235,1,0
4436,25236,1,0
4437,25237,1,1
4438,25238,1,1
4439,25239,1,1
4440,25240,1,1
4441,25241,0,0
4442,25242,0,0
4443,25243,0,1
4444,25244,0,0
4445,25245,1,0
4446,25246,1,1
4447,25247,1,1
4448,25248,1,1
4449,25249,0,0
4450,25250,1,1
4451,25251,1,1
4452,25252,1,1
4453,25253,0,0
4454,25254,0,0
4455,25255,1,1
4456,25256,1,1
4457,25257,1,1
4458,25258,1,1
4459,25259,0,0
4460,25260,0,0
4461,25261,1,1
4462,25262,1,0
4463,25263,1,0
4464,25264,1,1
4465,25265,1,1
4466,25266,1,0
4467,25267,0,1
4468,25268,0,0
4469,25269,0,1
4470,25270,1,0
4471,25271,1,0
4472,25272,0,1
4473,25273,0,1
4474,25274,0,0
4475,25275,1,1
4476,25276,0,0
4477,25277,1,1
4478,25278,0,1
4479,25279,0,0
4480,25280,1,0
4481,25281,0,1
4482,25282,0,1
4483,25283,1,1
4484,25284,1,1
4485,25285,0,0
4486,25286,1,1
4487,25287,0,0
4488,25288,0,1
4489,25289,1,0
4490,25290,1,1
4491,25291,1,1
4492,25292,0,0
4493,25293,0,0
4494,25294,1,0
4495,25295,0,0
4496,25296,1,1
4497,25297,1,1
4498,25298,1,1
4499,25299,1,1
4500,25300,0,0
4501,25301,1,0
4502,25302,0,0
4503,25303,0,0
4504,25304,0,0
4505,25305,1,1
4506,25306,1,1
4507,25307,0,0
4508,25308,0,0
4509,25309,0,0
4510,25310,0,0
4511,25311,1,0
4512,25312,0,0
4513,25313,1,1
4514,25314,1,1
4515,25315,1,1
4516,25316,0,0
4517,25317,1,1
4518,25318,1,1
4519,25319,1,0
4520,25320,0,0
4521,25321,1,1
4522,25322,1,0
4523,25323,0,1
4524,25324,0,0
4525,25325,1,0
4526,25326,0,0
4527,25327,0,0
4528,25328,0,0
4529,25329,0,0
4530,25330,0,1
4531,25331,0,0
4532,25332,1,1
4533,25333,0,0
4534,25334,1,1
4535,25335,0,1
4536,25336,0,1
4537,25337,1,1
4538,25338,0,0
4539,25339,1,1
4540,25340,1,0
4541,25341,1,1
4542,25342,0,0
4543,25343,0,0
4544,25344,1,1
4545,25345,0,0
4546,25346,1,1
4547,25347,1,1
4548,25348,1,0
4549,25349,1,1
4550,25350,1,1
4551,25351,1,0
4552,25352,1,0
4553,25353,1,1
4554,25354,1,1
4555,25355,1,1
4556,25356,0,0
4557,25357,1,0
4558,25358,1,1
4559,25359,0,1
4560,25360,1,1
4561,25361,1,1
4562,25362,0,0
4563,25363,1,1
4564,25364,0,0
4565,25365,0,0
4566,25366,1,0
4567,25367,1,1
4568,25368,0,0
4569,25369,1,0
4570,25370,1,0
4571,25371,1,1
4572,25372,1,1
4573,25373,1,1
4574,25374,1,0
4575,25375,0,1
4576,25376,0,0
4577,25377,0,0
4578,25378,1,1
4579,25379,1,0
4580,25380,1,1
4581,25381,0,0
4582,25382,1,1
4583,25383,1,1
4584,25384,0,1
4585,25385,0,0
4586,25386,1,1
4587,25387,1,0
4588,25388,0,0
4589,25389,1,1
4590,25390,0,0
4591,25391,0,0
4592,25392,1,0
4593,25393,0,1
4594,25394,1,0
4595,25395,1,1
4596,25396,1,1
4597,25397,1,0
4598,25398,1,0
4599,25399,0,0
4600,25400,1,0
4601,25401,0,1
4602,25402,0,1
4603,25403,1,1
4604,25404,1,1
4605,25405,0,1
4606,25406,1,1
4607,25407,0,0
4608,25408,1,0
4609,25409,1,1
4610,25410,1,0
4611,25411,0,0
4612,25412,1,0
4613,25413,1,1
4614,25414,1,1
4615,25415,0,1
4616,25416,1,1
4617,25417,1,0
4618,25418,0,0
4619,25419,0,0
4620,25420,1,1
4621,25421,0,1
4622,25422,1,1
4623,25423,0,0
4624,25424,1,1
4625,25425,0,0
4626,25426,1,1
4627,25427,1,1
4628,25428,1,1
4629,25429,1,1
4630,25430,1,1
4631,25431,1,1
4632,25432,0,0
4633,25433,1,0
4634,25434,0,0
4635,25435,0,1
4636,25436,0,0
4637,25437,1,1
4638,25438,1,1
4639,25439,1,0
4640,25440,1,1
4641,25441,0,0
4642,25442,1,0
4643,25443,1,0
4644,25444,0,0
4645,25445,1,1
4646,25446,1,0
4647,25447,1,1
4648,25448,0,0
4649,25449,0,0
4650,25450,0,1
4651,25451,0,0
4652,25452,0,0
4653,25453,1,1
4654,25454,1,0
4655,25455,0,0
4656,25456,0,0
4657,25457,1,1
4658,25458,1,1
4659,25459,1,1
4660,25460,0,0
4661,25461,0,1
4662,25462,0,0
4663,25463,1,0
4664,25464,1,1
4665,25465,1,0
4666,25466,1,1
4667,25467,1,0
4668,25468,1,1
4669,25469,0,0
4670,25470,1,1
4671,25471,1,1
4672,25472,0,1
4673,25473,1,0
4674,25474,0,1
4675,25475,0,1
4676,25476,0,0
4677,25477,1,0
4678,25478,1,0
4679,25479,1,0
4680,25480,1,1
4681,25481,1,1
4682,25482,1,0
4683,25483,1,1
4684,25484,0,0
4685,25485,1,1
4686,25486,0,1
4687,25487,0,1
4688,25488,0,0
4689,25489,0,0
4690,25490,1,0
4691,25491,1,1
4692,25492,1,1
4693,25493,0,0
4694,25494,0,0
4695,25495,0,1
4696,25496,1,1
4697,25497,1,1
4698,25498,0,1
4699,25499,1,1
4700,25500,1,1
4701,25501,0,0
4702,25502,1,1
4703,25503,1,1
4704,25504,0,0
4705,25505,0,1
4706,25506,1,1
4707,25507,1,1
4708,25508,0,1
4709,25509,1,0
4710,25510,1,1
4711,25511,1,1
4712,25512,0,1
4713,25513,1,1
4714,25514,1,0
4715,25515,1,1
4716,25516,0,1
4717,25517,1,0
4718,25518,1,1
4719,25519,1,1
4720,25520,1,1
4721,25521,0,0
4722,25522,1,1
4723,25523,0,0
4724,25524,0,1
4725,25525,1,1
4726,25526,1,1
4727,25527,0,0
4728,25528,0,0
4729,25529,0,1
4730,25530,0,0
4731,25531,0,0
4732,25532,1,1
4733,25533,1,0
4734,25534,1,1
4735,25535,1,1
4736,25536,1,1
4737,25537,0,0
4738,25538,0,1
4739,25539,1,0
4740,25540,1,1
4741,25541,0,1
4742,25542,0,0
4743,25543,1,1
4744,25544,1,1
4745,25545,1,0
4746,25546,1,1
4747,25547,0,1
4748,25548,1,0
4749,25549,1,1
4750,25550,0,0
4751,25551,0,1
4752,25552,1,0
4753,25553,1,0
4754,25554,1,1
4755,25555,0,0
4756,25556,1,1
4757,25557,1,0
4758,25558,1,0
4759,25559,1,1
4760,25560,1,0
4761,25561,0,1
4762,25562,0,1
4763,25563,1,0
4764,25564,0,0
4765,25565,1,0
4766,25566,1,1
4767,25567,0,0
4768,25568,1,1
4769,25569,0,0
4770,25570,1,1
4771,25571,1,0
4772,25572,1,1
4773,25573,1,1
4774,25574,0,0
4775,25575,0,1
4776,25576,1,1
4777,25577,0,1
4778,25578,0,0
4779,25579,1,1
4780,25580,1,0
4781,25581,1,1
4782,25582,1,1
4783,25583,0,1
4784,25584,1,1
4785,25585,0,0
4786,25586,1,1
4787,25587,1,1
4788,25588,0,0
4789,25589,0,0
4790,25590,0,0
4791,25591,1,1
4792,25592,1,1
4793,25593,0,0
4794,25594,0,0
4795,25595,1,1
4796,25596,0,0
4797,25597,1,1
4798,25598,0,1
4799,25599,1,1
4800,25600,1,1
4801,25601,1,1
4802,25602,0,0
4803,25603,0,1
4804,25604,0,0
4805,25605,0,0
4806,25606,0,0
4807,25607,0,0
4808,25608,0,1
4809,25609,1,1
4810,25610,0,0
4811,25611,1,1
4812,25612,1,0
4813,25613,0,0
4814,25614,0,1
4815,25615,1,0
4816,25616,0,0
4817,25617,1,0
4818,25618,1,0
4819,25619,0,0
4820,25620,0,1
4821,25621,0,0
4822,25622,0,1
4823,25623,1,1
4824,25624,1,1
4825,25625,1,1
4826,25626,0,1
4827,25627,1,1
4828,25628,1,0
4829,25629,1,1
4830,25630,1,1
4831,25631,1,1
4832,25632,1,0
4833,25633,1,1
4834,25634,1,1
4835,25635,1,0
4836,25636,1,0
4837,25637,0,0
4838,25638,1,1
4839,25639,1,1
4840,25640,1,1
4841,25641,1,0
4842,25642,1,1
4843,25643,1,1
4844,25644,0,0
4845,25645,1,1
4846,25646,0,0
4847,25647,0,0
4848,25648,0,0
4849,25649,0,1
4850,25650,1,1
4851,25651,0,0
4852,25652,1,0
4853,25653,1,1
4854,25654,0,0
4855,25655,1,1
4856,25656,0,1
4857,25657,0,0
4858,25658,1,1
4859,25659,1,0
4860,25660,0,0
4861,25661,0,0
4862,25662,1,1
4863,25663,1,1
4864,25664,1,0
4865,25665,1,0
4866,25666,0,1
4867,25667,0,0
4868,25668,0,0
4869,25669,0,0
4870,25670,0,0
4871,25671,0,0
4872,25672,1,1
4873,25673,1,1
4874,25674,0,0
4875,25675,0,0
4876,25676,0,0
4877,25677,0,0
4878,25678,0,1
4879,25679,1,1
4880,25680,1,1
4881,25681,0,1
4882,25682,1,1
4883,25683,0,0
4884,25684,0,0
4885,25685,1,1
4886,25686,1,1
4887,25687,1,0
4888,25688,1,1
4889,25689,1,0
4890,25690,0,0
4891,25691,0,0
4892,25692,0,0
4893,25693,0,0
4894,25694,0,0
4895,25695,1,1
4896,25696,1,0
4897,25697,1,1
4898,25698,1,0
4899,25699,1,1
4900,25700,1,1
4901,25701,0,0
4902,25702,1,1
4903,25703,1,0
4904,25704,1,0
4905,25705,0,0
4906,25706,0,0
4907,25707,1,0
4908,25708,0,1
4909,25709,1,1
4910,25710,1,1
4911,25711,1,1
4912,25712,1,1
4913,25713,0,0
4914,25714,0,1
4915,25715,1,0
4916,25716,1,0
4917,25717,1,1
4918,25718,1,1
4919,25719,0,0
4920,25720,0,1
4921,25721,1,0
4922,25722,0,0
4923,25723,1,0
4924,25724,1,1
4925,25725,1,1
4926,25726,1,1
4927,25727,0,0
4928,25728,0,0
4929,25729,0,0
4930,25730,1,1
4931,25731,1,1
4932,25732,0,1
4933,25733,1,0
4934,25734,1,1
4935,25735,0,0
4936,25736,0,0
4937,25737,0,1
4938,25738,0,0
4939,25739,1,1
4940,25740,1,0
4941,25741,0,0
4942,25742,0,0
4943,25743,0,1
4944,25744,0,0
4945,25745,1,0
4946,25746,0,0
4947,25747,0,1
4948,25748,1,0
4949,25749,1,0
4950,25750,0,1
4951,25751,0,1
4952,25752,1,0
4953,25753,1,1
4954,25754,1,0
4955,25755,1,1
4956,25756,1,0
4957,25757,0,1
4958,25758,0,0
4959,25759,0,0
4960,25760,1,0
4961,25761,1,1
4962,25762,0,1
4963,25763,1,1
4964,25764,0,1
4965,25765,0,0
4966,25766,0,0
4967,25767,1,1
4968,25768,1,1
4969,25769,0,1
4970,25770,1,0
4971,25771,0,0
4972,25772,1,1
4973,25773,0,0
4974,25774,1,0
4975,25775,1,1
4976,25776,0,0
4977,25777,0,0
4978,25778,0,0
4979,25779,1,0
4980,25780,0,0
4981,25781,0,0
4982,25782,1,1
4983,25783,1,1
4984,25784,0,0
4985,25785,0,0
4986,25786,1,0
4987,25787,1,1
4988,25788,0,0
4989,25789,1,1
4990,25790,1,0
4991,25791,0,1
4992,25792,1,0
4993,25793,0,1
4994,25794,0,0
4995,25795,1,1
4996,25796,1,0
4997,25797,0,1
4998,25798,1,0
4999,25799,0,1
5000,25800,1,0
5001,25801,0,0
5002,25802,1,1
5003,25803,1,0
5004,25804,0,0
5005,25805,1,0
5006,25806,1,1
5007,25807,1,1
5008,25808,1,1
5009,25809,1,0
5010,25810,0,1
5011,25811,0,1
5012,25812,1,0
5013,25813,1,0
5014,25814,1,1
5015,25815,1,1
5016,25816,0,0
5017,25817,1,1
5018,25818,1,1
5019,25819,0,1
5020,25820,1,1
5021,25821,0,0
5022,25822,0,1
5023,25823,0,0
5024,25824,1,0
5025,25825,0,1
5026,25826,1,1
5027,25827,1,0
5028,25828,0,1
5029,25829,1,0
5030,25830,1,0
5031,25831,0,1
5032,25832,0,0
5033,25833,0,0
5034,25834,0,0
5035,25835,1,0
5036,25836,0,1
5037,25837,0,0
5038,25838,0,0
5039,25839,0,0
5040,25840,1,0
5041,25841,0,0
5042,25842,0,1
5043,25843,1,1
5044,25844,1,1
5045,25845,1,0
5046,25846,0,1
5047,25847,0,0
5048,25848,1,0
5049,25849,1,1
5050,25850,0,1
5051,25851,0,0
5052,25852,0,0
5053,25853,1,1
5054,25854,0,0
5055,25855,0,0
5056,25856,0,0
5057,25857,1,1
5058,25858,1,0
5059,25859,0,0
5060,25860,0,0
5061,25861,0,1
5062,25862,0,0
5063,25863,0,1
5064,25864,0,0
5065,25865,1,0
5066,25866,1,1
5067,25867,1,1
5068,25868,0,0
5069,25869,1,1
5070,25870,0,0
5071,25871,0,1
5072,25872,0,0
5073,25873,0,1
5074,25874,0,1
5075,25875,1,1
5076,25876,1,0
5077,25877,0,0
5078,25878,0,0
5079,25879,1,1
5080,25880,0,0
5081,25881,0,0
5082,25882,0,0
5083,25883,0,0
5084,25884,1,0
5085,25885,1,1
5086,25886,1,1
5087,25887,1,1
5088,25888,1,1
5089,25889,1,0
5090,25890,1,1
5091,25891,1,1
5092,25892,1,1
5093,25893,1,0
5094,25894,0,0
5095,25895,1,1
5096,25896,0,1
5097,25897,0,0
5098,25898,1,1
5099,25899,0,1
5100,25900,1,1
5101,25901,0,0
5102,25902,1,1
5103,25903,0,0
5104,25904,0,0
5105,25905,1,1
5106,25906,0,0
5107,25907,0,0
5108,25908,1,1
5109,25909,1,1
5110,25910,1,0
5111,25911,0,0
5112,25912,1,1
5113,25913,0,0
5114,25914,1,0
5115,25915,1,0
5116,25916,0,0
5117,25917,1,1
5118,25918,1,1
5119,25919,0,1
5120,25920,1,1
5121,25921,0,1
5122,25922,1,1
5123,25923,1,1
5124,25924,0,0
5125,25925,1,1
5126,25926,1,0
5127,25927,1,1
5128,25928,0,0
5129,25929,1,1
5130,25930,0,0
5131,25931,1,0
5132,25932,0,0
5133,25933,1,0
5134,25934,1,1
5135,25935,0,1
5136,25936,1,1
5137,25937,0,1
5138,25938,0,0
5139,25939,1,1
5140,25940,1,1
5141,25941,1,0
5142,25942,0,0
5143,25943,1,1
5144,25944,1,1
5145,25945,1,1
5146,25946,1,1
5147,25947,0,1
5148,25948,1,1
5149,25949,0,0
5150,25950,0,1
5151,25951,1,1
5152,25952,1,1
5153,25953,1,0
5154,25954,1,1
5155,25955,0,0
5156,25956,0,0
5157,25957,1,0
5158,25958,0,1
5159,25959,1,1
5160,25960,0,0
5161,25961,1,1
5162,25962,1,0
5163,25963,1,1
5164,25964,1,0
5165,25965,0,1
5166,25966,1,0
5167,25967,0,1
5168,25968,0,0
5169,25969,0,0
5170,25970,0,1
5171,25971,1,1
5172,25972,0,1
5173,25973,1,0
5174,25974,0,1
5175,25975,1,0
5176,25976,1,0
5177,25977,1,0
5178,25978,0,0
5179,25979,0,0
5180,25980,0,0
5181,25981,1,1
5182,25982,0,0
5183,25983,1,0
5184,25984,1,0
5185,25985,0,0
5186,25986,1,1
5187,25987,0,0
5188,25988,0,0
5189,25989,1,1
5190,25990,1,0
5191,25991,1,0
5192,25992,1,1
5193,25993,0,0
5194,25994,1,0
5195,25995,0,0
5196,25996,1,0
5197,25997,0,0
5198,25998,1,1
5199,25999,0,1
